1,92,2,0,0,0,0,0,0,0,4
1,20,4,0,0,0,0,0,0,0,4
1,47,2,0,0,0,0,0,0,0,4
1,12,4,0,0,0,0,0,0,0,3
1,51,2,0,0,0,0,0,0,0,2
1,51,2,0,0,0,0,0,0,0,1
1,12,4,0,0,0,0,0,0,0,1
1,92,2,0,0,0,0,0,0,3,0
1,38,4,0,0,0,0,0,0,2,0
1,32,2,0,0,0,0,0,2,0,0
1,131,2,0,0,0,0,0,2,0,0
1,71,4,0,0,0,0,0,1,0,0
1,4,2,0,0,0,0,0,1,0,0
1,32,2,0,0,0,0,0,1,0,0
1,20,4,0,0,0,0,1,0,0,0
1,32,4,0,0,0,4,0,0,0,0
1,38,4,0,0,0,3,0,0,0,0
1,131,2,0,0,0,3,0,0,0,0
1,92,3,0,0,4,0,0,0,0,0
1,71,0,0,0,3,0,0,0,0,0
1,47,2,0,0,3,0,0,0,0,0
1,4,3,0,0,1,0,0,0,0,0
1,4,2,0,4,0,0,0,0,0,0
1,47,4,0,3,0,0,0,0,0,0
1,51,3,0,3,0,0,0,0,0,0
1,20,4,0,2,0,0,0,0,0,0
1,71,4,0,1,0,0,0,0,0,0
1,131,2,1,0,0,0,0,0,0,0
1,12,4,1,0,0,0,0,0,0,0
1,12,1,0,0,0,0,0,0,0,0
1,71,5,0,0,0,0,0,0,0,0
1,20,4,0,0,0,0,0,0,0,0
1,4,2,0,0,0,0,0,0,0,0
1,92,1,0,0,0,0,0,0,0,0
1,38,4,0,0,0,0,0,0,0,0
1,51,4,0,0,0,0,0,0,0,0
1,47,2,0,0,0,0,0,0,0,0
1,32,4,0,0,0,0,0,0,0,0
1,131,2,0,0,0,0,0,0,0,0
2,32,1,0,0,0,0,0,0,0,4
2,3,1,0,0,0,0,0,0,0,4
2,79,3,0,0,0,0,0,0,0,4
2,91,1,0,0,0,0,0,0,0,3
2,139,3,0,0,0,0,0,0,0,3
2,28,3,0,0,0,0,0,0,0,3
2,48,5,0,0,0,0,0,0,0,3
2,134,1,0,0,0,0,0,0,0,3
2,104,1,0,0,0,0,0,0,0,3
2,92,5,0,0,0,0,0,0,0,2
2,9,1,0,0,0,0,0,0,0,2
2,79,4,0,0,0,0,0,0,0,2
2,103,4,0,0,0,0,0,0,0,2
2,107,3,0,0,0,0,0,0,0,2
2,92,3,0,0,0,0,0,0,0,1
2,4,3,0,0,0,0,0,0,0,1
2,139,1,0,0,0,0,0,0,3,0
2,95,1,0,0,0,0,0,0,3,0
2,9,1,0,0,0,0,0,0,3,0
2,122,2,0,0,0,0,0,0,3,0
2,16,5,0,0,0,0,0,0,3,0
2,134,1,0,0,0,0,0,0,3,0
2,48,2,0,0,0,0,0,0,3,0
2,109,1,0,0,0,0,0,0,3,0
2,95,1,0,0,0,0,0,0,2,0
2,60,3,0,0,0,0,0,0,2,0
2,128,3,0,0,0,0,0,0,2,0
2,3,1,0,0,0,0,0,0,1,0
2,95,2,0,0,0,0,0,0,1,0
2,134,1,0,0,0,0,0,0,1,0
2,109,1,0,0,0,0,0,0,1,0
2,128,1,0,0,0,0,0,0,1,0
2,96,1,0,0,0,0,3,0,0,0
2,93,1,0,0,0,0,3,0,0,0
2,122,5,0,0,0,0,2,0,0,0
2,91,1,0,0,0,0,2,0,0,0
2,48,4,0,0,0,0,2,0,0,0
2,114,1,0,0,0,0,2,0,0,0
2,28,2,0,0,0,0,2,0,0,0
2,26,2,0,0,0,0,1,0,0,0
2,53,2,0,0,0,0,1,0,0,0
2,4,3,0,0,0,0,1,0,0,0
2,60,4,0,0,0,0,1,0,0,0
2,114,1,0,0,0,0,1,0,0,0
2,107,3,0,0,0,4,0,0,0,0
2,93,2,0,0,0,4,0,0,0,0
2,91,3,0,0,0,3,0,0,0,0
2,3,2,0,0,0,2,0,0,0,0
2,32,1,0,0,0,2,0,0,0,0
2,137,4,0,0,0,2,0,0,0,0
2,125,1,0,0,0,1,0,0,0,0
2,79,3,0,0,0,1,0,0,0,0
2,53,1,0,0,0,1,0,0,0,0
2,125,1,0,0,4,0,0,0,0,0
2,121,1,0,0,4,0,0,0,0,0
2,137,5,0,0,4,0,0,0,0,0
2,32,1,0,0,3,0,0,0,0,0
2,121,2,0,0,3,0,0,0,0,0
2,26,1,0,0,2,0,0,0,0,0
2,53,1,0,0,2,0,0,0,0,0
2,93,1,0,0,1,0,0,0,0,0
2,16,5,0,0,1,0,0,0,0,0
2,92,4,0,4,0,0,0,0,0,0
2,128,2,0,4,0,0,0,0,0,0
2,26,1,0,3,0,0,0,0,0,0
2,120,2,0,3,0,0,0,0,0,0
2,9,1,0,2,0,0,0,0,0,0
2,125,1,0,2,0,0,0,0,0,0
2,96,1,0,2,0,0,0,0,0,0
2,114,1,0,2,0,0,0,0,0,0
2,103,3,0,2,0,0,0,0,0,0
2,67,1,0,2,0,0,0,0,0,0
2,121,1,0,2,0,0,0,0,0,0
2,109,1,0,1,0,0,0,0,0,0
2,4,3,0,1,0,0,0,0,0,0
2,120,1,0,1,0,0,0,0,0,0
2,16,5,0,1,0,0,0,0,0,0
2,122,4,2,0,0,0,0,0,0,0
2,96,1,2,0,0,0,0,0,0,0
2,60,4,2,0,0,0,0,0,0,0
2,104,1,2,0,0,0,0,0,0,0
2,120,1,2,0,0,0,0,0,0,0
2,28,1,2,0,0,0,0,0,0,0
2,103,4,2,0,0,0,0,0,0,0
2,67,1,2,0,0,0,0,0,0,0
2,137,5,2,0,0,0,0,0,0,0
2,107,1,2,0,0,0,0,0,0,0
2,139,1,1,0,0,0,0,0,0,0
2,67,1,1,0,0,0,0,0,0,0
2,91,1,0,0,0,0,0,0,0,0
2,9,1,0,0,0,0,0,0,0,0
2,125,1,0,0,0,0,0,0,0,0
2,96,1,0,0,0,0,0,0,0,0
2,92,4,0,0,0,0,0,0,0,0
2,122,3,0,0,0,0,0,0,0,0
2,139,3,0,0,0,0,0,0,0,0
2,32,1,0,0,0,0,0,0,0,0
2,26,1,0,0,0,0,0,0,0,0
2,3,1,0,0,0,0,0,0,0,0
2,95,1,0,0,0,0,0,0,0,0
2,4,2,0,0,0,0,0,0,0,0
2,120,1,0,0,0,0,0,0,0,0
2,28,2,0,0,0,0,0,0,0,0
2,121,2,0,0,0,0,0,0,0,0
2,128,2,0,0,0,0,0,0,0,0
2,137,4,0,0,0,0,0,0,0,0
2,107,2,0,0,0,0,0,0,0,0
2,67,1,0,0,0,0,0,0,0,0
2,16,4,0,0,0,0,0,0,0,0
2,104,1,0,0,0,0,0,0,0,0
2,93,1,0,0,0,0,0,0,0,0
2,60,4,0,0,0,0,0,0,0,0
2,114,1,0,0,0,0,0,0,0,0
2,109,1,0,0,0,0,0,0,0,0
2,134,1,0,0,0,0,0,0,0,0
2,79,3,0,0,0,0,0,0,0,0
2,53,2,0,0,0,0,0,0,0,0
2,103,3,0,0,0,0,0,0,0,0
2,48,4,0,0,0,0,0,0,0,0
3,113,1,0,0,0,0,0,0,0,4
3,22,1,0,0,0,0,0,0,0,3
3,134,3,0,0,0,0,0,0,0,2
3,49,2,0,0,0,0,0,0,0,1
3,88,1,0,0,0,0,0,0,2,0
3,22,2,0,0,0,0,0,0,2,0
3,134,3,0,0,0,0,0,0,2,0
3,118,1,0,0,0,0,0,0,2,0
3,136,1,0,0,0,0,0,0,1,0
3,139,2,0,0,0,0,0,0,1,0
3,10,1,0,0,0,0,0,2,0,0
3,10,2,0,0,0,0,0,1,0,0
3,116,2,0,0,0,0,3,0,0,0
3,10,1,0,0,0,0,2,0,0,0
3,49,2,0,0,0,0,2,0,0,0
3,113,1,0,0,0,0,1,0,0,0
3,134,2,0,0,0,0,1,0,0,0
3,24,2,0,0,0,4,0,0,0,0
3,116,2,0,0,0,4,0,0,0,0
3,49,2,0,0,0,3,0,0,0,0
3,24,3,0,0,0,3,0,0,0,0
3,53,3,0,0,0,3,0,0,0,0
3,136,2,0,0,0,1,0,0,0,0
3,53,2,0,0,4,0,0,0,0,0
3,118,2,0,0,4,0,0,0,0,0
3,136,1,0,0,3,0,0,0,0,0
3,113,1,0,0,1,0,0,0,0,0
3,24,1,0,3,0,0,0,0,0,0
3,139,1,0,3,0,0,0,0,0,0
3,88,1,0,2,0,0,0,0,0,0
3,88,1,2,0,0,0,0,0,0,0
3,22,2,2,0,0,0,0,0,0,0
3,139,1,1,0,0,0,0,0,0,0
3,53,2,1,0,0,0,0,0,0,0
3,118,1,1,0,0,0,0,0,0,0
3,88,1,0,0,0,0,0,0,0,0
3,134,3,0,0,0,0,0,0,0,0
3,22,2,0,0,0,0,0,0,0,0
3,136,2,0,0,0,0,0,0,0,0
3,139,2,0,0,0,0,0,0,0,0
3,118,1,0,0,0,0,0,0,0,0
3,53,3,0,0,0,0,0,0,0,0
3,49,2,0,0,0,0,0,0,0,0
3,113,2,0,0,0,0,0,0,0,0
3,10,2,0,0,0,0,0,0,0,0
3,24,2,0,0,0,0,0,0,0,0
3,116,2,0,0,0,0,0,0,0,0
4,19,5,0,0,0,0,0,0,0,4
4,118,1,0,0,0,0,0,0,0,2
4,118,1,0,0,0,0,0,0,3,0
4,19,4,0,0,0,0,0,1,0,0
4,9,1,0,0,0,0,0,1,0,0
4,112,1,0,0,0,2,0,0,0,0
4,78,1,0,0,4,0,0,0,0,0
4,9,1,0,0,3,0,0,0,0,0
4,78,3,0,0,2,0,0,0,0,0
4,9,1,0,0,1,0,0,0,0,0
4,112,2,0,0,1,0,0,0,0,0
4,78,3,0,4,0,0,0,0,0,0
4,112,1,1,0,0,0,0,0,0,0
4,19,3,1,0,0,0,0,0,0,0
4,9,1,0,0,0,0,0,0,0,0
4,19,4,0,0,0,0,0,0,0,0
4,118,1,0,0,0,0,0,0,0,0
4,112,2,0,0,0,0,0,0,0,0
4,78,3,0,0,0,0,0,0,0,0
5,124,2,0,0,0,0,0,0,0,4
5,22,2,0,0,0,0,0,0,0,3
5,124,1,0,0,0,0,0,0,0,3
5,26,3,0,0,0,0,0,0,0,2
5,109,3,0,0,0,0,0,0,0,1
5,125,2,0,0,0,0,0,0,0,1
5,32,2,0,0,0,0,0,0,0,1
5,17,1,0,0,0,0,0,0,0,1
5,77,1,0,0,0,0,0,0,3,0
5,98,1,0,0,0,0,0,0,3,0
5,32,1,0,0,0,0,0,0,2,0
5,85,1,0,0,0,0,0,0,2,0
5,135,2,0,0,0,0,0,0,2,0
5,3,1,0,0,0,0,0,0,1,0
5,16,5,0,0,0,0,0,0,1,0
5,22,2,0,0,0,0,0,0,1,0
5,32,2,0,0,0,0,0,0,1,0
5,53,4,0,0,0,0,0,0,1,0
5,85,5,0,0,0,0,0,2,0,0
5,26,4,0,0,0,0,0,2,0,0
5,4,1,0,0,0,0,0,2,0,0
5,77,1,0,0,0,0,3,0,0,0
5,64,2,0,0,0,0,3,0,0,0
5,40,5,0,0,0,0,3,0,0,0
5,15,4,0,0,0,0,3,0,0,0
5,109,3,0,0,0,0,2,0,0,0
5,77,3,0,0,0,0,2,0,0,0
5,17,4,0,0,0,0,2,0,0,0
5,15,1,0,0,0,0,1,0,0,0
5,85,5,0,0,0,4,0,0,0,0
5,15,2,0,0,0,4,0,0,0,0
5,3,1,0,0,0,3,0,0,0,0
5,125,3,0,0,0,2,0,0,0,0
5,64,2,0,0,0,1,0,0,0,0
5,40,5,0,0,0,1,0,0,0,0
5,17,2,0,0,0,1,0,0,0,0
5,40,5,0,0,4,0,0,0,0,0
5,125,4,0,0,4,0,0,0,0,0
5,84,3,0,0,3,0,0,0,0,0
5,135,4,0,0,3,0,0,0,0,0
5,16,5,0,0,2,0,0,0,0,0
5,114,2,0,0,2,0,0,0,0,0
5,54,3,0,0,1,0,0,0,0,0
5,109,4,0,0,1,0,0,0,0,0
5,98,2,0,0,1,0,0,0,0,0
5,54,2,0,4,0,0,0,0,0,0
5,84,2,0,4,0,0,0,0,0,0
5,124,1,0,4,0,0,0,0,0,0
5,98,3,0,4,0,0,0,0,0,0
5,22,1,0,3,0,0,0,0,0,0
5,135,3,0,3,0,0,0,0,0,0
5,4,1,0,3,0,0,0,0,0,0
5,4,1,0,1,0,0,0,0,0,0
5,114,3,0,1,0,0,0,0,0,0
5,84,4,2,0,0,0,0,0,0,0
5,53,4,2,0,0,0,0,0,0,0
5,54,4,1,0,0,0,0,0,0,0
5,16,4,1,0,0,0,0,0,0,0
5,26,2,1,0,0,0,0,0,0,0
5,64,2,1,0,0,0,0,0,0,0
5,53,3,1,0,0,0,0,0,0,0
5,114,2,1,0,0,0,0,0,0,0
5,109,3,0,0,0,0,0,0,0,0
5,26,3,0,0,0,0,0,0,0,0
5,22,3,0,0,0,0,0,0,0,0
5,64,3,0,0,0,0,0,0,0,0
5,125,4,0,0,0,0,0,0,0,0
5,84,4,0,0,0,0,0,0,0,0
5,40,5,0,0,0,0,0,0,0,0
5,77,0,0,0,0,0,0,0,0,0
5,32,2,0,0,0,0,0,0,0,0
5,85,5,0,0,0,0,0,0,0,0
5,54,5,0,0,0,0,0,0,0,0
5,16,5,0,0,0,0,0,0,0,0
5,3,1,0,0,0,0,0,0,0,0
5,135,4,0,0,0,0,0,0,0,0
5,53,4,0,0,0,0,0,0,0,0
5,4,1,0,0,0,0,0,0,0,0
5,114,3,0,0,0,0,0,0,0,0
5,17,3,0,0,0,0,0,0,0,0
5,124,2,0,0,0,0,0,0,0,0
5,15,2,0,0,0,0,0,0,0,0
5,98,3,0,0,0,0,0,0,0,0
6,56,3,0,0,0,0,0,0,0,4
6,23,2,0,0,0,0,0,0,0,4
6,35,1,0,0,0,0,0,0,0,4
6,55,1,0,0,0,0,0,0,0,4
6,78,3,0,0,0,0,0,0,0,3
6,113,4,0,0,0,0,0,0,0,3
6,39,2,0,0,0,0,0,0,0,3
6,73,2,0,0,0,0,0,0,0,3
6,120,2,0,0,0,0,0,0,0,3
6,24,1,0,0,0,0,0,0,0,3
6,14,1,0,0,0,0,0,0,0,3
6,25,1,0,0,0,0,0,0,0,3
6,3,3,0,0,0,0,0,0,0,3
6,76,1,0,0,0,0,0,0,0,3
6,74,2,0,0,0,0,0,0,0,3
6,6,3,0,0,0,0,0,0,0,3
6,104,1,0,0,0,0,0,0,0,3
6,91,3,0,0,0,0,0,0,0,3
6,29,2,0,0,0,0,0,0,0,3
6,9,4,0,0,0,0,0,0,0,2
6,21,2,0,0,0,0,0,0,0,2
6,68,3,0,0,0,0,0,0,0,2
6,4,1,0,0,0,0,0,0,0,2
6,13,3,0,0,0,0,0,0,0,2
6,20,3,0,0,0,0,0,0,0,2
6,9,4,0,0,0,0,0,0,0,1
6,17,4,0,0,0,0,0,0,0,1
6,135,1,0,0,0,0,0,0,0,1
6,85,3,0,0,0,0,0,0,0,1
6,58,3,0,0,0,0,0,0,0,1
6,66,4,0,0,0,0,0,0,0,1
6,25,1,0,0,0,0,0,0,0,1
6,86,2,0,0,0,0,0,0,0,1
6,48,3,0,0,0,0,0,0,0,1
6,4,1,0,0,0,0,0,0,0,1
6,104,1,0,0,0,0,0,0,0,1
6,55,1,0,0,0,0,0,0,0,1
6,70,1,0,0,0,0,0,0,0,1
6,38,1,0,0,0,0,0,0,0,1
6,91,2,0,0,0,0,0,0,0,1
6,5,3,0,0,0,0,0,0,0,1
6,93,1,0,0,0,0,0,0,3,0
6,131,5,0,0,0,0,0,0,3,0
6,88,1,0,0,0,0,0,0,3,0
6,112,2,0,0,0,0,0,0,3,0
6,102,4,0,0,0,0,0,0,3,0
6,71,1,0,0,0,0,0,0,3,0
6,66,2,0,0,0,0,0,0,3,0
6,96,3,0,0,0,0,0,0,3,0
6,6,2,0,0,0,0,0,0,3,0
6,59,1,0,0,0,0,0,0,3,0
6,33,1,0,0,0,0,0,0,3,0
6,13,3,0,0,0,0,0,0,3,0
6,60,2,0,0,0,0,0,0,3,0
6,57,3,0,0,0,0,0,0,2,0
6,111,1,0,0,0,0,0,0,2,0
6,73,4,0,0,0,0,0,0,2,0
6,40,1,0,0,0,0,0,0,2,0
6,71,1,0,0,0,0,0,0,2,0
6,2,4,0,0,0,0,0,0,2,0
6,69,1,0,0,0,0,0,0,2,0
6,76,1,0,0,0,0,0,0,2,0
6,4,1,0,0,0,0,0,0,2,0
6,100,1,0,0,0,0,0,0,2,0
6,20,2,0,0,0,0,0,0,2,0
6,63,4,0,0,0,0,0,0,2,0
6,52,2,0,0,0,0,0,0,2,0
6,131,4,0,0,0,0,0,0,1,0
6,19,5,0,0,0,0,0,0,1,0
6,1,4,0,0,0,0,0,0,1,0
6,50,2,0,0,0,0,0,0,1,0
6,137,4,0,0,0,0,0,0,1,0
6,129,1,0,0,0,0,0,0,1,0
6,25,1,0,0,0,0,0,0,1,0
6,105,1,0,0,0,0,0,0,1,0
6,60,5,0,0,0,0,0,0,1,0
6,21,1,0,0,0,0,0,2,0,0
6,7,1,0,0,0,0,0,2,0,0
6,22,2,0,0,0,0,0,2,0,0
6,92,1,0,0,0,0,0,2,0,0
6,1,2,0,0,0,0,0,2,0,0
6,122,4,0,0,0,0,0,2,0,0
6,5,4,0,0,0,0,0,2,0,0
6,17,5,0,0,0,0,0,1,0,0
6,22,4,0,0,0,0,0,1,0,0
6,118,3,0,0,0,0,0,1,0,0
6,133,1,0,0,0,0,0,1,0,0
6,24,1,0,0,0,0,0,1,0,0
6,31,1,0,0,0,0,0,1,0,0
6,50,3,0,0,0,0,0,1,0,0
6,68,2,0,0,0,0,0,1,0,0
6,46,4,0,0,0,0,0,1,0,0
6,32,1,0,0,0,0,0,1,0,0
6,35,1,0,0,0,0,0,1,0,0
6,26,5,0,0,0,0,3,0,0,0
6,51,2,0,0,0,0,3,0,0,0
6,106,1,0,0,0,0,3,0,0,0
6,112,2,0,0,0,0,3,0,0,0
6,40,1,0,0,0,0,3,0,0,0
6,87,1,0,0,0,0,3,0,0,0
6,80,4,0,0,0,0,3,0,0,0
6,129,1,0,0,0,0,3,0,0,0
6,138,1,0,0,0,0,3,0,0,0
6,89,2,0,0,0,0,3,0,0,0
6,86,1,0,0,0,0,3,0,0,0
6,91,1,0,0,0,0,3,0,0,0
6,35,1,0,0,0,0,3,0,0,0
6,70,1,0,0,0,0,3,0,0,0
6,26,5,0,0,0,0,2,0,0,0
6,125,1,0,0,0,0,2,0,0,0
6,58,3,0,0,0,0,2,0,0,0
6,120,2,0,0,0,0,2,0,0,0
6,131,4,0,0,0,0,2,0,0,0
6,16,4,0,0,0,0,2,0,0,0
6,95,1,0,0,0,0,2,0,0,0
6,3,4,0,0,0,0,2,0,0,0
6,109,2,0,0,0,0,2,0,0,0
6,30,4,0,0,0,0,2,0,0,0
6,33,2,0,0,0,0,2,0,0,0
6,53,4,0,0,0,0,2,0,0,0
6,29,1,0,0,0,0,2,0,0,0
6,26,4,0,0,0,0,1,0,0,0
6,135,1,0,0,0,0,1,0,0,0
6,85,2,0,0,0,0,1,0,0,0
6,111,1,0,0,0,0,1,0,0,0
6,113,3,0,0,0,0,1,0,0,0
6,136,4,0,0,0,0,1,0,0,0
6,72,4,0,0,0,0,1,0,0,0
6,120,2,0,0,0,0,1,0,0,0
6,133,1,0,0,0,0,1,0,0,0
6,16,3,0,0,0,0,1,0,0,0
6,125,1,0,0,0,0,1,0,0,0
6,130,3,0,0,0,0,1,0,0,0
6,23,4,0,0,0,0,1,0,0,0
6,49,3,0,0,0,0,1,0,0,0
6,94,1,0,0,0,0,1,0,0,0
6,31,1,0,0,0,0,1,0,0,0
6,40,2,0,0,0,0,1,0,0,0
6,50,3,0,0,0,0,1,0,0,0
6,14,3,0,0,0,0,1,0,0,0
6,68,2,0,0,0,0,1,0,0,0
6,138,1,0,0,0,0,1,0,0,0
6,107,2,0,0,0,0,1,0,0,0
6,64,3,0,0,0,0,1,0,0,0
6,105,1,0,0,0,0,1,0,0,0
6,47,2,0,0,0,0,1,0,0,0
6,33,1,0,0,0,0,1,0,0,0
6,55,1,0,0,0,0,1,0,0,0
6,130,4,0,0,0,4,0,0,0,0
6,92,3,0,0,0,4,0,0,0,0
6,31,3,0,0,0,4,0,0,0,0
6,100,1,0,0,0,4,0,0,0,0
6,17,5,0,0,0,3,0,0,0,0
6,44,3,0,0,0,3,0,0,0,0
6,51,2,0,0,0,3,0,0,0,0
6,58,3,0,0,0,3,0,0,0,0
6,71,1,0,0,0,3,0,0,0,0
6,89,3,0,0,0,3,0,0,0,0
6,48,4,0,0,0,3,0,0,0,0
6,134,1,0,0,0,3,0,0,0,0
6,52,3,0,0,0,3,0,0,0,0
6,9,2,0,0,0,2,0,0,0,0
6,21,2,0,0,0,2,0,0,0,0
6,135,1,0,0,0,2,0,0,0,0
6,7,2,0,0,0,2,0,0,0,0
6,72,3,0,0,0,2,0,0,0,0
6,109,2,0,0,0,2,0,0,0,0
6,82,1,0,0,0,2,0,0,0,0
6,100,1,0,0,0,2,0,0,0,0
6,70,1,0,0,0,2,0,0,0,0
6,44,4,0,0,0,1,0,0,0,0
6,39,4,0,0,0,1,0,0,0,0
6,22,4,0,0,0,1,0,0,0,0
6,117,1,0,0,0,1,0,0,0,0
6,19,4,0,0,0,1,0,0,0,0
6,96,4,0,0,0,1,0,0,0,0
6,129,1,0,0,0,1,0,0,0,0
6,116,3,0,0,0,1,0,0,0,0
6,49,2,0,0,4,0,0,0,0,0
6,87,1,0,0,4,0,0,0,0,0
6,94,1,0,0,4,0,0,0,0,0
6,46,2,0,0,4,0,0,0,0,0
6,101,1,0,0,4,0,0,0,0,0
6,47,1,0,0,4,0,0,0,0,0
6,5,2,0,0,4,0,0,0,0,0
6,118,4,0,0,3,0,0,0,0,0
6,73,4,0,0,3,0,0,0,0,0
6,112,4,0,0,3,0,0,0,0,0
6,117,1,0,0,3,0,0,0,0,0
6,92,1,0,0,3,0,0,0,0,0
6,80,2,0,0,3,0,0,0,0,0
6,1,5,0,0,3,0,0,0,0,0
6,137,2,0,0,3,0,0,0,0,0
6,82,1,0,0,3,0,0,0,0,0
6,32,1,0,0,3,0,0,0,0,0
6,74,2,0,0,3,0,0,0,0,0
6,125,1,0,0,2,0,0,0,0,0
6,110,1,0,0,2,0,0,0,0,0
6,46,4,0,0,2,0,0,0,0,0
6,69,1,0,0,2,0,0,0,0,0
6,59,1,0,0,2,0,0,0,0,0
6,38,1,0,0,2,0,0,0,0,0
6,110,1,0,0,1,0,0,0,0,0
6,56,4,0,0,1,0,0,0,0,0
6,87,2,0,0,1,0,0,0,0,0
6,24,1,0,0,1,0,0,0,0,0
6,2,2,0,0,1,0,0,0,0,0
6,95,1,0,0,1,0,0,0,0,0
6,3,2,0,0,1,0,0,0,0,0
6,105,1,0,0,1,0,0,0,0,0
6,30,2,0,0,1,0,0,0,0,0
6,6,3,0,0,1,0,0,0,0,0
6,81,1,0,0,1,0,0,0,0,0
6,116,2,0,0,1,0,0,0,0,0
6,12,1,0,0,1,0,0,0,0,0
6,7,2,0,4,0,0,0,0,0,0
6,111,1,0,4,0,0,0,0,0,0
6,113,3,0,4,0,0,0,0,0,0
6,72,4,0,4,0,0,0,0,0,0
6,51,3,0,4,0,0,0,0,0,0
6,89,2,0,4,0,0,0,0,0,0
6,32,1,0,4,0,0,0,0,0,0
6,109,3,0,4,0,0,0,0,0,0
6,63,2,0,4,0,0,0,0,0,0
6,106,1,0,3,0,0,0,0,0,0
6,39,4,0,3,0,0,0,0,0,0
6,88,2,0,3,0,0,0,0,0,0
6,19,4,0,3,0,0,0,0,0,0
6,14,4,0,3,0,0,0,0,0,0
6,138,1,0,3,0,0,0,0,0,0
6,76,1,0,3,0,0,0,0,0,0
6,30,2,0,3,0,0,0,0,0,0
6,64,2,0,3,0,0,0,0,0,0
6,74,3,0,3,0,0,0,0,0,0
6,15,2,0,3,0,0,0,0,0,0
6,134,1,0,3,0,0,0,0,0,0
6,20,3,0,3,0,0,0,0,0,0
6,122,3,0,3,0,0,0,0,0,0
6,136,2,0,2,0,0,0,0,0,0
6,130,4,0,2,0,0,0,0,0,0
6,2,4,0,2,0,0,0,0,0,0
6,101,2,0,2,0,0,0,0,0,0
6,15,3,0,2,0,0,0,0,0,0
6,13,2,0,2,0,0,0,0,0,0
6,63,3,0,2,0,0,0,0,0,0
6,12,2,0,2,0,0,0,0,0,0
6,29,1,0,2,0,0,0,0,0,0
6,57,3,0,1,0,0,0,0,0,0
6,88,2,0,1,0,0,0,0,0,0
6,23,2,0,1,0,0,0,0,0,0
6,102,2,0,1,0,0,0,0,0,0
6,95,1,0,1,0,0,0,0,0,0
6,69,2,0,1,0,0,0,0,0,0
6,86,3,0,1,0,0,0,0,0,0
6,122,2,0,1,0,0,0,0,0,0
6,81,1,0,1,0,0,0,0,0,0
6,53,2,0,1,0,0,0,0,0,0
6,60,3,0,1,0,0,0,0,0,0
6,118,4,2,0,0,0,0,0,0,0
6,57,0,2,0,0,0,0,0,0,0
6,93,1,2,0,0,0,0,0,0,0
6,78,2,2,0,0,0,0,0,0,0
6,133,1,2,0,0,0,0,0,0,0
6,102,3,2,0,0,0,0,0,0,0
6,117,1,2,0,0,0,0,0,0,0
6,49,1,2,0,0,0,0,0,0,0
6,80,3,2,0,0,0,0,0,0,0
6,16,4,2,0,0,0,0,0,0,0
6,66,4,2,0,0,0,0,0,0,0
6,94,3,2,0,0,0,0,0,0,0
6,137,4,2,0,0,0,0,0,0,0
6,96,3,2,0,0,0,0,0,0,0
6,107,1,2,0,0,0,0,0,0,0
6,64,4,2,0,0,0,0,0,0,0
6,15,2,2,0,0,0,0,0,0,0
6,59,1,2,0,0,0,0,0,0,0
6,48,2,2,0,0,0,0,0,0,0
6,134,1,2,0,0,0,0,0,0,0
6,47,1,2,0,0,0,0,0,0,0
6,53,4,2,0,0,0,0,0,0,0
6,44,5,1,0,0,0,0,0,0,0
6,85,4,1,0,0,0,0,0,0,0
6,93,2,1,0,0,0,0,0,0,0
6,78,2,1,0,0,0,0,0,0,0
6,56,4,1,0,0,0,0,0,0,0
6,136,2,1,0,0,0,0,0,0,0
6,110,2,1,0,0,0,0,0,0,0
6,107,3,1,0,0,0,0,0,0,0
6,101,1,1,0,0,0,0,0,0,0
6,82,1,1,0,0,0,0,0,0,0
6,104,1,1,0,0,0,0,0,0,0
6,116,4,1,0,0,0,0,0,0,0
6,12,1,1,0,0,0,0,0,0,0
6,38,2,1,0,0,0,0,0,0,0
6,81,1,1,0,0,0,0,0,0,0
6,52,4,1,0,0,0,0,0,0,0
6,22,4,0,0,0,0,0,0,0,0
6,56,2,0,0,0,0,0,0,0,0
6,9,3,0,0,0,0,0,0,0,0
6,17,4,0,0,0,0,0,0,0,0
6,57,3,0,0,0,0,0,0,0,0
6,21,2,0,0,0,0,0,0,0,0
6,44,4,0,0,0,0,0,0,0,0
6,135,1,0,0,0,0,0,0,0,0
6,85,3,0,0,0,0,0,0,0,0
6,7,2,0,0,0,0,0,0,0,0
6,111,1,0,0,0,0,0,0,0,0
6,93,2,0,0,0,0,0,0,0,0
6,136,3,0,0,0,0,0,0,0,0
6,118,3,0,0,0,0,0,0,0,0
6,72,3,0,0,0,0,0,0,0,0
6,58,3,0,0,0,0,0,0,0,0
6,120,2,0,0,0,0,0,0,0,0
6,26,4,0,0,0,0,0,0,0,0
6,110,2,0,0,0,0,0,0,0,0
6,106,2,0,0,0,0,0,0,0,0
6,113,3,0,0,0,0,0,0,0,0
6,16,4,0,0,0,0,0,0,0,0
6,125,1,0,0,0,0,0,0,0,0
6,39,3,0,0,0,0,0,0,0,0
6,78,3,0,0,0,0,0,0,0,0
6,73,4,0,0,0,0,0,0,0,0
6,131,4,0,0,0,0,0,0,0,0
6,88,2,0,0,0,0,0,0,0,0
6,130,4,0,0,0,0,0,0,0,0
6,112,3,0,0,0,0,0,0,0,0
6,23,4,0,0,0,0,0,0,0,0
6,102,2,0,0,0,0,0,0,0,0
6,117,1,0,0,0,0,0,0,0,0
6,49,2,0,0,0,0,0,0,0,0
6,92,2,0,0,0,0,0,0,0,0
6,133,1,0,0,0,0,0,0,0,0
6,19,4,0,0,0,0,0,0,0,0
6,51,2,0,0,0,0,0,0,0,0
6,24,1,0,0,0,0,0,0,0,0
6,87,2,0,0,0,0,0,0,0,0
6,66,4,0,0,0,0,0,0,0,0
6,1,4,0,0,0,0,0,0,0,0
6,94,2,0,0,0,0,0,0,0,0
6,80,3,0,0,0,0,0,0,0,0
6,40,2,0,0,0,0,0,0,0,0
6,31,1,0,0,0,0,0,0,0,0
6,71,1,0,0,0,0,0,0,0,0
6,50,3,0,0,0,0,0,0,0,0
6,14,4,0,0,0,0,0,0,0,0
6,137,3,0,0,0,0,0,0,0,0
6,2,4,0,0,0,0,0,0,0,0
6,96,3,0,0,0,0,0,0,0,0
6,68,2,0,0,0,0,0,0,0,0
6,95,1,0,0,0,0,0,0,0,0
6,129,1,0,0,0,0,0,0,0,0
6,138,1,0,0,0,0,0,0,0,0
6,25,1,0,0,0,0,0,0,0,0
6,107,2,0,0,0,0,0,0,0,0
6,46,3,0,0,0,0,0,0,0,0
6,89,2,0,0,0,0,0,0,0,0
6,69,1,0,0,0,0,0,0,0,0
6,3,4,0,0,0,0,0,0,0,0
6,76,1,0,0,0,0,0,0,0,0
6,104,1,0,0,0,0,0,0,0,0
6,74,1,0,0,0,0,0,0,0,0
6,64,2,0,0,0,0,0,0,0,0
6,6,3,0,0,0,0,0,0,0,0
6,109,3,0,0,0,0,0,0,0,0
6,59,1,0,0,0,0,0,0,0,0
6,101,2,0,0,0,0,0,0,0,0
6,30,3,0,0,0,0,0,0,0,0
6,15,3,0,0,0,0,0,0,0,0
6,105,1,0,0,0,0,0,0,0,0
6,82,1,0,0,0,0,0,0,0,0
6,86,2,0,0,0,0,0,0,0,0
6,48,3,0,0,0,0,0,0,0,0
6,100,1,0,0,0,0,0,0,0,0
6,32,1,0,0,0,0,0,0,0,0
6,4,1,0,0,0,0,0,0,0,0
6,12,2,0,0,0,0,0,0,0,0
6,81,1,0,0,0,0,0,0,0,0
6,91,2,0,0,0,0,0,0,0,0
6,47,2,0,0,0,0,0,0,0,0
6,13,3,0,0,0,0,0,0,0,0
6,70,1,0,0,0,0,0,0,0,0
6,63,4,0,0,0,0,0,0,0,0
6,134,1,0,0,0,0,0,0,0,0
6,20,3,0,0,0,0,0,0,0,0
6,33,2,0,0,0,0,0,0,0,0
6,55,1,0,0,0,0,0,0,0,0
6,122,4,0,0,0,0,0,0,0,0
6,35,1,0,0,0,0,0,0,0,0
6,38,2,0,0,0,0,0,0,0,0
6,116,3,0,0,0,0,0,0,0,0
6,29,1,0,0,0,0,0,0,0,0
6,5,4,0,0,0,0,0,0,0,0
6,52,2,0,0,0,0,0,0,0,0
6,60,4,0,0,0,0,0,0,0,0
6,53,2,0,0,0,0,0,0,0,0
7,116,4,0,0,0,0,0,0,0,4
7,63,1,0,0,0,0,0,0,0,2
7,91,2,0,0,0,0,0,0,3,0
7,9,1,0,0,0,0,0,0,3,0
7,19,5,0,0,0,0,0,0,1,0
7,19,4,0,0,0,0,0,2,0,0
7,91,1,0,0,0,0,0,2,0,0
7,9,1,0,0,0,0,0,2,0,0
7,13,4,0,0,0,0,0,1,0,0
7,9,1,0,0,0,0,2,0,0,0
7,91,4,0,0,0,0,1,0,0,0
7,19,4,0,0,0,4,0,0,0,0
7,63,2,0,0,3,0,0,0,0,0
7,63,1,0,4,0,0,0,0,0,0
7,116,2,0,3,0,0,0,0,0,0
7,13,4,0,3,0,0,0,0,0,0
7,116,3,0,2,0,0,0,0,0,0
7,19,3,0,0,0,0,0,0,0,0
7,91,3,0,0,0,0,0,0,0,0
7,63,1,0,0,0,0,0,0,0,0
7,13,5,0,0,0,0,0,0,0,0
7,116,3,0,0,0,0,0,0,0,0
7,9,1,0,0,0,0,0,0,0,0
8,48,2,0,0,0,0,0,0,0,4
8,70,2,0,0,0,0,0,0,0,4
8,44,2,0,0,0,0,0,0,0,2
8,88,1,0,0,0,0,0,0,0,2
8,138,1,0,0,0,0,0,0,0,2
8,127,0,0,0,0,0,0,0,0,1
8,61,1,0,0,0,0,0,0,0,1
8,17,1,0,0,0,0,0,0,3,0
8,70,1,0,0,0,0,0,0,3,0
8,38,1,0,0,0,0,0,0,3,0
8,34,2,0,0,0,0,0,0,3,0
8,36,2,0,0,0,0,0,0,3,0
8,14,1,0,0,0,0,0,0,2,0
8,88,1,0,0,0,0,0,0,2,0
8,8,3,0,0,0,0,0,0,1,0
8,127,1,0,0,0,0,0,0,1,0
8,27,1,0,0,0,0,0,0,1,0
8,66,5,0,0,0,0,0,0,1,0
8,68,1,0,0,0,0,0,0,1,0
8,104,2,0,0,0,0,0,0,1,0
8,23,1,0,0,0,0,0,2,0,0
8,8,0,0,0,0,0,0,1,0,0
8,136,0,0,0,0,0,0,1,0,0
8,17,2,0,0,0,0,0,1,0,0
8,44,3,0,0,0,0,3,0,0,0
8,26,1,0,0,0,0,2,0,0,0
8,127,0,0,0,0,0,2,0,0,0
8,34,4,0,0,0,0,2,0,0,0
8,48,0,0,0,0,0,1,0,0,0
8,23,2,0,0,0,0,1,0,0,0
8,138,2,0,0,0,4,0,0,0,0
8,98,1,0,0,0,4,0,0,0,0
8,68,1,0,0,0,3,0,0,0,0
8,36,4,0,0,0,2,0,0,0,0
8,98,1,0,0,0,2,0,0,0,0
8,116,1,0,0,0,2,0,0,0,0
8,8,0,0,0,0,1,0,0,0,0
8,17,2,0,0,0,1,0,0,0,0
8,78,1,0,0,4,0,0,0,0,0
8,34,1,0,0,4,0,0,0,0,0
8,48,1,0,0,3,0,0,0,0,0
8,26,2,0,0,2,0,0,0,0,0
8,44,3,0,0,2,0,0,0,0,0
8,14,3,0,0,2,0,0,0,0,0
8,61,3,0,0,2,0,0,0,0,0
8,123,4,0,0,2,0,0,0,0,0
8,78,1,0,0,2,0,0,0,0,0
8,26,0,0,0,1,0,0,0,0,0
8,104,1,0,0,1,0,0,0,0,0
8,38,1,0,0,1,0,0,0,0,0
8,68,1,0,4,0,0,0,0,0,0
8,98,1,0,4,0,0,0,0,0,0
8,72,1,0,3,0,0,0,0,0,0
8,123,3,0,2,0,0,0,0,0,0
8,104,2,0,2,0,0,0,0,0,0
8,66,4,0,2,0,0,0,0,0,0
8,88,1,0,2,0,0,0,0,0,0
8,27,1,0,1,0,0,0,0,0,0
8,123,4,0,1,0,0,0,0,0,0
8,72,1,0,1,0,0,0,0,0,0
8,78,1,0,1,0,0,0,0,0,0
8,136,2,2,0,0,0,0,0,0,0
8,23,1,2,0,0,0,0,0,0,0
8,70,1,2,0,0,0,0,0,0,0
8,36,3,2,0,0,0,0,0,0,0
8,61,1,2,0,0,0,0,0,0,0
8,138,1,2,0,0,0,0,0,0,0
8,38,1,2,0,0,0,0,0,0,0
8,72,1,2,0,0,0,0,0,0,0
8,136,0,1,0,0,0,0,0,0,0
8,116,1,1,0,0,0,0,0,0,0
8,14,3,1,0,0,0,0,0,0,0
8,66,4,1,0,0,0,0,0,0,0
8,27,2,1,0,0,0,0,0,0,0
8,127,0,0,0,0,0,0,0,0,0
8,136,1,0,0,0,0,0,0,0,0
8,8,3,0,0,0,0,0,0,0,0
8,48,3,0,0,0,0,0,0,0,0
8,26,0,0,0,0,0,0,0,0,0
8,123,3,0,0,0,0,0,0,0,0
8,14,2,0,0,0,0,0,0,0,0
8,38,1,0,0,0,0,0,0,0,0
8,61,2,0,0,0,0,0,0,0,0
8,66,4,0,0,0,0,0,0,0,0
8,78,1,0,0,0,0,0,0,0,0
8,23,2,0,0,0,0,0,0,0,0
8,138,1,0,0,0,0,0,0,0,0
8,116,1,0,0,0,0,0,0,0,0
8,36,4,0,0,0,0,0,0,0,0
8,104,2,0,0,0,0,0,0,0,0
8,27,1,0,0,0,0,0,0,0,0
8,44,3,0,0,0,0,0,0,0,0
8,68,1,0,0,0,0,0,0,0,0
8,34,3,0,0,0,0,0,0,0,0
8,72,1,0,0,0,0,0,0,0,0
8,88,1,0,0,0,0,0,0,0,0
8,98,1,0,0,0,0,0,0,0,0
8,70,1,0,0,0,0,0,0,0,0
8,17,2,0,0,0,0,0,0,0,0
9,39,3,0,0,0,0,0,0,0,4
9,29,4,0,0,0,0,0,0,0,4
9,30,4,0,0,0,0,0,0,0,4
9,15,5,0,0,0,0,0,0,0,4
9,120,2,0,0,0,0,0,0,0,4
9,83,3,0,0,0,0,0,0,0,4
9,56,2,0,0,0,0,0,0,0,4
9,139,1,0,0,0,0,0,0,0,4
9,131,2,0,0,0,0,0,0,0,4
9,78,1,0,0,0,0,0,0,0,4
9,45,3,0,0,0,0,0,0,0,3
9,35,1,0,0,0,0,0,0,0,3
9,46,1,0,0,0,0,0,0,0,3
9,4,5,0,0,0,0,0,0,0,3
9,61,2,0,0,0,0,0,0,0,3
9,117,2,0,0,0,0,0,0,0,3
9,53,1,0,0,0,0,0,0,0,3
9,36,2,0,0,0,0,0,0,0,2
9,4,4,0,0,0,0,0,0,0,2
9,118,2,0,0,0,0,0,0,0,2
9,44,3,0,0,0,0,0,0,0,1
9,41,2,0,0,0,0,0,0,0,1
9,16,3,0,0,0,0,0,0,0,1
9,3,4,0,0,0,0,0,0,0,1
9,23,1,0,0,0,0,0,0,0,1
9,2,4,0,0,0,0,0,0,0,1
9,26,5,0,0,0,0,0,0,0,1
9,90,1,0,0,0,0,0,0,0,1
9,61,3,0,0,0,0,0,0,0,1
9,118,2,0,0,0,0,0,0,0,1
9,41,3,0,0,0,0,0,0,3,0
9,34,1,0,0,0,0,0,0,3,0
9,2,5,0,0,0,0,0,0,3,0
9,101,2,0,0,0,0,0,0,3,0
9,92,1,0,0,0,0,0,0,3,0
9,26,4,0,0,0,0,0,0,3,0
9,91,1,0,0,0,0,0,0,3,0
9,57,1,0,0,0,0,0,0,3,0
9,129,1,0,0,0,0,0,0,3,0
9,84,1,0,0,0,0,0,0,3,0
9,69,1,0,0,0,0,0,0,3,0
9,116,1,0,0,0,0,0,0,3,0
9,36,2,0,0,0,0,0,0,2,0
9,101,3,0,0,0,0,0,0,2,0
9,53,1,0,0,0,0,0,0,2,0
9,117,1,0,0,0,0,0,0,2,0
9,91,1,0,0,0,0,0,0,2,0
9,45,3,0,0,0,0,0,0,1,0
9,20,3,0,0,0,0,0,0,1,0
9,39,2,0,0,0,0,0,0,1,0
9,27,4,0,0,0,0,0,0,1,0
9,128,2,0,0,0,0,0,0,1,0
9,31,1,0,0,0,0,0,0,1,0
9,38,2,0,0,0,0,0,0,1,0
9,20,2,0,0,0,0,0,2,0,0
9,19,2,0,0,0,0,0,2,0,0
9,21,1,0,0,0,0,0,2,0,0
9,24,1,0,0,0,0,0,2,0,0
9,23,1,0,0,0,0,0,2,0,0
9,2,4,0,0,0,0,0,2,0,0
9,6,4,0,0,0,0,0,2,0,0
9,66,1,0,0,0,0,0,2,0,0
9,27,4,0,0,0,0,0,1,0,0
9,20,3,0,0,0,0,0,1,0,0
9,7,5,0,0,0,0,0,1,0,0
9,126,3,0,0,0,0,0,1,0,0
9,22,2,0,0,0,0,0,1,0,0
9,55,2,0,0,0,0,0,1,0,0
9,8,4,0,0,0,0,0,1,0,0
9,26,5,0,0,0,0,0,1,0,0
9,109,1,0,0,0,0,0,1,0,0
9,39,1,0,0,0,0,3,0,0,0
9,27,3,0,0,0,0,3,0,0,0
9,27,4,0,0,0,0,3,0,0,0
9,15,3,0,0,0,0,3,0,0,0
9,22,2,0,0,0,0,3,0,0,0
9,92,1,0,0,0,0,3,0,0,0
9,8,3,0,0,0,0,3,0,0,0
9,61,3,0,0,0,0,3,0,0,0
9,67,2,0,0,0,0,3,0,0,0
9,44,3,0,0,0,0,2,0,0,0
9,24,1,0,0,0,0,2,0,0,0
9,23,1,0,0,0,0,2,0,0,0
9,128,3,0,0,0,0,2,0,0,0
9,92,1,0,0,0,0,2,0,0,0
9,83,3,0,0,0,0,2,0,0,0
9,74,2,0,0,0,0,2,0,0,0
9,136,1,0,0,0,0,2,0,0,0
9,102,1,0,0,0,0,2,0,0,0
9,93,1,0,0,0,0,2,0,0,0
9,45,3,0,0,0,0,1,0,0,0
9,25,2,0,0,0,0,1,0,0,0
9,46,1,0,0,0,0,1,0,0,0
9,46,1,0,0,0,0,1,0,0,0
9,27,5,0,0,0,0,1,0,0,0
9,101,2,0,0,0,0,1,0,0,0
9,67,2,0,0,0,0,1,0,0,0
9,120,1,0,0,0,0,1,0,0,0
9,49,1,0,0,0,0,1,0,0,0
9,84,1,0,0,0,0,1,0,0,0
9,69,2,0,0,0,0,1,0,0,0
9,35,2,0,0,0,4,0,0,0,0
9,37,2,0,0,0,4,0,0,0,0
9,47,3,0,0,0,4,0,0,0,0
9,16,4,0,0,0,4,0,0,0,0
9,56,3,0,0,0,4,0,0,0,0
9,8,4,0,0,0,4,0,0,0,0
9,49,1,0,0,0,4,0,0,0,0
9,6,5,0,0,0,4,0,0,0,0
9,129,2,0,0,0,4,0,0,0,0
9,16,3,0,0,0,3,0,0,0,0
9,24,2,0,0,0,3,0,0,0,0
9,94,1,0,0,0,3,0,0,0,0
9,117,1,0,0,0,3,0,0,0,0
9,31,1,0,0,0,3,0,0,0,0
9,110,3,0,0,0,3,0,0,0,0
9,125,1,0,0,0,3,0,0,0,0
9,46,2,0,0,0,2,0,0,0,0
9,68,1,0,0,0,2,0,0,0,0
9,90,1,0,0,0,2,0,0,0,0
9,49,1,0,0,0,2,0,0,0,0
9,108,1,0,0,0,2,0,0,0,0
9,116,1,0,0,0,2,0,0,0,0
9,25,2,0,0,0,1,0,0,0,0
9,21,2,0,0,0,1,0,0,0,0
9,68,1,0,0,0,1,0,0,0,0
9,131,2,0,0,0,1,0,0,0,0
9,67,2,0,0,0,1,0,0,0,0
9,125,1,0,0,0,1,0,0,0,0
9,42,4,0,0,4,0,0,0,0,0
9,29,5,0,0,4,0,0,0,0,0
9,30,3,0,0,4,0,0,0,0,0
9,94,1,0,0,4,0,0,0,0,0
9,53,1,0,0,4,0,0,0,0,0
9,116,1,0,0,4,0,0,0,0,0
9,44,3,0,0,3,0,0,0,0,0
9,7,5,0,0,3,0,0,0,0,0
9,34,1,0,0,3,0,0,0,0,0
9,90,1,0,0,3,0,0,0,0,0
9,74,2,0,0,3,0,0,0,0,0
9,93,1,0,0,3,0,0,0,0,0
9,36,3,0,0,2,0,0,0,0,0
9,7,5,0,0,2,0,0,0,0,0
9,105,1,0,0,2,0,0,0,0,0
9,55,3,0,0,2,0,0,0,0,0
9,128,2,0,0,2,0,0,0,0,0
9,78,1,0,0,2,0,0,0,0,0
9,46,3,0,0,1,0,0,0,0,0
9,63,1,0,0,1,0,0,0,0,0
9,125,1,0,0,1,0,0,0,0,0
9,108,1,0,0,1,0,0,0,0,0
9,47,1,0,4,0,0,0,0,0,0
9,25,2,0,4,0,0,0,0,0,0
9,12,2,0,4,0,0,0,0,0,0
9,20,3,0,4,0,0,0,0,0,0
9,19,0,0,4,0,0,0,0,0,0
9,3,3,0,4,0,0,0,0,0,0
9,94,1,0,4,0,0,0,0,0,0
9,120,1,0,4,0,0,0,0,0,0
9,91,1,0,4,0,0,0,0,0,0
9,139,1,0,4,0,0,0,0,0,0
9,110,3,0,4,0,0,0,0,0,0
9,4,4,0,4,0,0,0,0,0,0
9,63,1,0,4,0,0,0,0,0,0
9,46,1,0,3,0,0,0,0,0,0
9,19,2,0,3,0,0,0,0,0,0
9,126,3,0,3,0,0,0,0,0,0
9,139,1,0,3,0,0,0,0,0,0
9,83,3,0,3,0,0,0,0,0,0
9,93,1,0,3,0,0,0,0,0,0
9,69,1,0,3,0,0,0,0,0,0
9,37,1,0,2,0,0,0,0,0,0
9,44,4,0,2,0,0,0,0,0,0
9,3,4,0,2,0,0,0,0,0,0
9,105,1,0,2,0,0,0,0,0,0
9,55,2,0,2,0,0,0,0,0,0
9,108,1,0,2,0,0,0,0,0,0
9,136,1,0,2,0,0,0,0,0,0
9,31,1,0,2,0,0,0,0,0,0
9,66,1,0,2,0,0,0,0,0,0
9,38,1,0,2,0,0,0,0,0,0
9,20,4,0,1,0,0,0,0,0,0
9,35,2,0,1,0,0,0,0,0,0
9,42,4,0,1,0,0,0,0,0,0
9,12,3,0,1,0,0,0,0,0,0
9,29,4,0,1,0,0,0,0,0,0
9,41,3,0,1,0,0,0,0,0,0
9,27,5,0,1,0,0,0,0,0,0
9,15,5,0,1,0,0,0,0,0,0
9,34,1,0,1,0,0,0,0,0,0
9,102,1,0,1,0,0,0,0,0,0
9,110,3,0,1,0,0,0,0,0,0
9,118,2,0,1,0,0,0,0,0,0
9,84,1,0,1,0,0,0,0,0,0
9,38,2,0,1,0,0,0,0,0,0
9,37,3,2,0,0,0,0,0,0,0
9,42,3,2,0,0,0,0,0,0,0
9,20,4,2,0,0,0,0,0,0,0
9,22,2,2,0,0,0,0,0,0,0
9,74,3,2,0,0,0,0,0,0,0
9,136,1,2,0,0,0,0,0,0,0
9,57,3,2,0,0,0,0,0,0,0
9,66,2,2,0,0,0,0,0,0,0
9,109,1,2,0,0,0,0,0,0,0
9,44,3,1,0,0,0,0,0,0,0
9,44,3,1,0,0,0,0,0,0,0
9,47,2,1,0,0,0,0,0,0,0
9,12,3,1,0,0,0,0,0,0,0
9,21,3,1,0,0,0,0,0,0,0
9,30,3,1,0,0,0,0,0,0,0
9,105,1,1,0,0,0,0,0,0,0
9,126,4,1,0,0,0,0,0,0,0
9,68,1,1,0,0,0,0,0,0,0
9,63,1,1,0,0,0,0,0,0,0
9,78,1,1,0,0,0,0,0,0,0
9,57,2,1,0,0,0,0,0,0,0
9,131,3,1,0,0,0,0,0,0,0
9,102,1,1,0,0,0,0,0,0,0
9,56,2,1,0,0,0,0,0,0,0
9,129,2,1,0,0,0,0,0,0,0
9,109,1,1,0,0,0,0,0,0,0
9,45,2,0,0,0,0,0,0,0,0
9,20,3,0,0,0,0,0,0,0,0
9,35,1,0,0,0,0,0,0,0,0
9,37,2,0,0,0,0,0,0,0,0
9,44,3,0,0,0,0,0,0,0,0
9,42,3,0,0,0,0,0,0,0,0
9,44,3,0,0,0,0,0,0,0,0
9,39,2,0,0,0,0,0,0,0,0
9,47,2,0,0,0,0,0,0,0,0
9,25,2,0,0,0,0,0,0,0,0
9,27,4,0,0,0,0,0,0,0,0
9,46,2,0,0,0,0,0,0,0,0
9,12,2,0,0,0,0,0,0,0,0
9,46,2,0,0,0,0,0,0,0,0
9,29,4,0,0,0,0,0,0,0,0
9,20,3,0,0,0,0,0,0,0,0
9,41,2,0,0,0,0,0,0,0,0
9,16,3,0,0,0,0,0,0,0,0
9,19,2,0,0,0,0,0,0,0,0
9,36,2,0,0,0,0,0,0,0,0
9,21,2,0,0,0,0,0,0,0,0
9,7,5,0,0,0,0,0,0,0,0
9,27,4,0,0,0,0,0,0,0,0
9,30,4,0,0,0,0,0,0,0,0
9,24,2,0,0,0,0,0,0,0,0
9,15,4,0,0,0,0,0,0,0,0
9,34,1,0,0,0,0,0,0,0,0
9,3,4,0,0,0,0,0,0,0,0
9,105,1,0,0,0,0,0,0,0,0
9,126,3,0,0,0,0,0,0,0,0
9,22,2,0,0,0,0,0,0,0,0
9,23,1,0,0,0,0,0,0,0,0
9,2,4,0,0,0,0,0,0,0,0
9,94,1,0,0,0,0,0,0,0,0
9,68,1,0,0,0,0,0,0,0,0
9,55,2,0,0,0,0,0,0,0,0
9,101,2,0,0,0,0,0,0,0,0
9,108,1,0,0,0,0,0,0,0,0
9,83,3,0,0,0,0,0,0,0,0
9,125,1,0,0,0,0,0,0,0,0
9,117,1,0,0,0,0,0,0,0,0
9,131,2,0,0,0,0,0,0,0,0
9,56,2,0,0,0,0,0,0,0,0
9,78,1,0,0,0,0,0,0,0,0
9,57,2,0,0,0,0,0,0,0,0
9,4,4,0,0,0,0,0,0,0,0
9,63,1,0,0,0,0,0,0,0,0
9,67,2,0,0,0,0,0,0,0,0
9,53,1,0,0,0,0,0,0,0,0
9,120,2,0,0,0,0,0,0,0,0
9,92,1,0,0,0,0,0,0,0,0
9,26,5,0,0,0,0,0,0,0,0
9,90,1,0,0,0,0,0,0,0,0
9,136,1,0,0,0,0,0,0,0,0
9,102,2,0,0,0,0,0,0,0,0
9,139,1,0,0,0,0,0,0,0,0
9,31,1,0,0,0,0,0,0,0,0
9,49,2,0,0,0,0,0,0,0,0
9,61,2,0,0,0,0,0,0,0,0
9,6,5,0,0,0,0,0,0,0,0
9,110,3,0,0,0,0,0,0,0,0
9,128,2,0,0,0,0,0,0,0,0
9,91,1,0,0,0,0,0,0,0,0
9,8,4,0,0,0,0,0,0,0,0
9,74,2,0,0,0,0,0,0,0,0
9,118,2,0,0,0,0,0,0,0,0
9,129,1,0,0,0,0,0,0,0,0
9,93,1,0,0,0,0,0,0,0,0
9,66,2,0,0,0,0,0,0,0,0
9,84,1,0,0,0,0,0,0,0,0
9,69,2,0,0,0,0,0,0,0,0
9,116,1,0,0,0,0,0,0,0,0
9,38,2,0,0,0,0,0,0,0,0
9,109,1,0,0,0,0,0,0,0,0
10,111,2,0,0,0,0,0,0,0,4
10,39,1,0,0,0,0,0,0,0,3
10,117,1,0,0,0,0,0,0,0,3
10,2,2,0,0,0,0,0,0,0,3
10,108,1,0,0,0,0,0,0,0,2
10,2,3,0,0,0,0,0,0,0,2
10,107,2,0,0,0,0,0,0,3,0
10,106,3,0,0,0,0,0,0,2,0
10,10,3,0,0,0,0,0,0,2,0
10,107,2,0,0,0,0,0,0,2,0
10,107,2,0,0,0,0,0,1,0,0
10,90,3,0,0,0,0,3,0,0,0
10,106,4,0,0,0,0,3,0,0,0
10,111,2,0,0,0,3,0,0,0,0
10,108,1,0,0,0,3,0,0,0,0
10,111,2,0,0,0,1,0,0,0,0
10,10,4,0,0,3,0,0,0,0,0
10,117,3,0,0,1,0,0,0,0,0
10,2,2,0,0,1,0,0,0,0,0
10,90,1,0,4,0,0,0,0,0,0
10,39,3,0,2,0,0,0,0,0,0
10,132,3,0,2,0,0,0,0,0,0
10,108,1,0,1,0,0,0,0,0,0
10,132,1,0,1,0,0,0,0,0,0
10,39,2,2,0,0,0,0,0,0,0
10,90,4,2,0,0,0,0,0,0,0
10,132,2,2,0,0,0,0,0,0,0
10,117,2,2,0,0,0,0,0,0,0
10,106,3,1,0,0,0,0,0,0,0
10,106,2,0,0,0,0,0,0,0,0
10,39,2,0,0,0,0,0,0,0,0
10,90,2,0,0,0,0,0,0,0,0
10,10,0,0,0,0,0,0,0,0,0
10,117,1,0,0,0,0,0,0,0,0
10,2,3,0,0,0,0,0,0,0,0
10,107,3,0,0,0,0,0,0,0,0
10,132,1,0,0,0,0,0,0,0,0
10,111,1,0,0,0,0,0,0,0,0
10,108,1,0,0,0,0,0,0,0,0
11,71,2,0,0,0,0,0,0,0,2
11,63,4,0,0,0,0,0,0,2,0
11,71,4,0,0,0,0,0,0,2,0
11,16,3,0,0,0,0,0,2,0,0
11,1,4,0,0,0,0,0,1,0,0
11,5,1,0,0,0,0,3,0,0,0
11,63,4,0,0,0,4,0,0,0,0
11,16,3,0,0,0,1,0,0,0,0
11,1,4,0,0,2,0,0,0,0,0
11,5,3,0,0,1,0,0,0,0,0
11,1,3,0,3,0,0,0,0,0,0
11,63,3,0,3,0,0,0,0,0,0
11,5,4,0,2,0,0,0,0,0,0
11,71,2,1,0,0,0,0,0,0,0
11,16,4,1,0,0,0,0,0,0,0
11,63,2,0,0,0,0,0,0,0,0
11,71,2,0,0,0,0,0,0,0,0
11,16,3,0,0,0,0,0,0,0,0
11,1,4,0,0,0,0,0,0,0,0
12,54,5,0,0,0,0,0,0,0,4
12,127,5,0,0,0,0,0,0,0,4
12,110,1,0,0,0,0,0,0,0,4
12,56,1,0,0,0,0,0,0,0,4
12,7,3,0,0,0,0,0,0,0,4
12,135,1,0,0,0,0,0,0,0,4
12,139,1,0,0,0,0,0,0,0,3
12,2,1,0,0,0,0,0,0,0,3
12,48,3,0,0,0,0,0,0,0,3
12,24,1,0,0,0,0,0,0,0,3
12,75,1,0,0,0,0,0,0,0,3
12,16,2,0,0,0,0,0,0,0,3
12,120,1,0,0,0,0,0,0,0,3
12,6,3,0,0,0,0,0,0,0,2
12,45,4,0,0,0,0,0,0,0,2
12,30,3,0,0,0,0,0,0,0,2
12,27,3,0,0,0,0,0,0,0,2
12,86,1,0,0,0,0,0,0,0,2
12,16,3,0,0,0,0,0,0,0,2
12,123,5,0,0,0,0,0,0,0,1
12,83,3,0,0,0,0,0,0,0,1
12,39,4,0,0,0,0,0,0,0,1
12,124,1,0,0,0,0,0,0,0,1
12,46,1,0,0,0,0,0,0,0,1
12,33,1,0,0,0,0,0,0,0,1
12,67,1,0,0,0,0,0,0,0,1
12,36,3,0,0,0,0,0,0,0,1
12,93,1,0,0,0,0,0,0,0,1
12,110,1,0,0,0,0,0,0,0,1
12,46,1,0,0,0,0,0,0,3,0
12,121,1,0,0,0,0,0,0,3,0
12,131,1,0,0,0,0,0,0,3,0
12,19,1,0,0,0,0,0,0,3,0
12,84,3,0,0,0,0,0,0,3,0
12,70,1,0,0,0,0,0,0,3,0
12,48,3,0,0,0,0,0,0,3,0
12,85,2,0,0,0,0,0,0,2,0
12,51,1,0,0,0,0,0,0,2,0
12,133,2,0,0,0,0,0,0,2,0
12,95,1,0,0,0,0,0,0,2,0
12,26,3,0,0,0,0,0,0,2,0
12,20,1,0,0,0,0,0,0,2,0
12,84,3,0,0,0,0,0,0,2,0
12,78,1,0,0,0,0,0,0,2,0
12,6,2,0,0,0,0,0,0,1,0
12,139,1,0,0,0,0,0,0,1,0
12,39,5,0,0,0,0,0,0,1,0
12,97,4,0,0,0,0,0,0,1,0
12,98,1,0,0,0,0,0,0,1,0
12,7,4,0,0,0,0,0,0,1,0
12,35,1,0,0,0,0,0,0,1,0
12,75,1,0,0,0,0,0,0,1,0
12,106,1,0,0,0,0,0,2,0,0
12,51,1,0,0,0,0,0,2,0,0
12,96,3,0,0,0,0,0,2,0,0
12,4,1,0,0,0,0,0,2,0,0
12,18,3,0,0,0,0,0,2,0,0
12,35,1,0,0,0,0,0,2,0,0
12,33,1,0,0,0,0,0,2,0,0
12,139,1,0,0,0,0,0,1,0,0
12,2,1,0,0,0,0,0,1,0,0
12,123,5,0,0,0,0,0,1,0,0
12,4,1,0,0,0,0,0,1,0,0
12,24,2,0,0,0,0,0,1,0,0
12,96,3,0,0,0,0,3,0,0,0
12,54,5,0,0,0,0,3,0,0,0
12,25,3,0,0,0,0,3,0,0,0
12,43,4,0,0,0,0,3,0,0,0
12,26,3,0,0,0,0,3,0,0,0
12,24,2,0,0,0,0,3,0,0,0
12,136,1,0,0,0,0,3,0,0,0
12,90,1,0,0,0,0,3,0,0,0
12,108,1,0,0,0,0,2,0,0,0
12,134,1,0,0,0,0,2,0,0,0
12,8,3,0,0,0,0,2,0,0,0
12,11,4,0,0,0,0,2,0,0,0
12,99,1,0,0,0,0,2,0,0,0
12,25,3,0,0,0,0,2,0,0,0
12,36,4,0,0,0,0,2,0,0,0
12,90,1,0,0,0,0,2,0,0,0
12,129,3,0,0,0,0,2,0,0,0
12,136,1,0,0,0,0,2,0,0,0
12,8,3,0,0,0,0,1,0,0,0
12,9,1,0,0,0,0,1,0,0,0
12,96,3,0,0,0,0,1,0,0,0
12,117,1,0,0,0,0,1,0,0,0
12,27,3,0,0,0,0,1,0,0,0
12,63,1,0,0,0,0,1,0,0,0
12,136,1,0,0,0,0,1,0,0,0
12,16,3,0,0,0,0,1,0,0,0
12,36,2,0,0,0,0,1,0,0,0
12,28,1,0,0,0,0,1,0,0,0
12,97,5,0,0,0,4,0,0,0,0
12,123,5,0,0,0,4,0,0,0,0
12,59,1,0,0,0,4,0,0,0,0
12,137,3,0,0,0,4,0,0,0,0
12,98,1,0,0,0,4,0,0,0,0
12,85,3,0,0,0,3,0,0,0,0
12,48,3,0,0,0,3,0,0,0,0
12,32,1,0,0,0,3,0,0,0,0
12,37,1,0,0,0,3,0,0,0,0
12,113,2,0,0,0,3,0,0,0,0
12,59,1,0,0,0,2,0,0,0,0
12,137,2,0,0,0,2,0,0,0,0
12,11,3,0,0,0,2,0,0,0,0
12,30,2,0,0,0,2,0,0,0,0
12,99,1,0,0,0,2,0,0,0,0
12,133,1,0,0,0,2,0,0,0,0
12,18,2,0,0,0,2,0,0,0,0
12,19,1,0,0,0,2,0,0,0,0
12,32,1,0,0,0,2,0,0,0,0
12,102,2,0,0,0,2,0,0,0,0
12,63,1,0,0,0,2,0,0,0,0
12,97,3,0,0,0,1,0,0,0,0
12,124,1,0,0,0,1,0,0,0,0
12,105,1,0,0,0,1,0,0,0,0
12,68,1,0,0,0,1,0,0,0,0
12,43,4,0,0,0,1,0,0,0,0
12,127,5,0,0,4,0,0,0,0,0
12,95,1,0,0,4,0,0,0,0,0
12,63,1,0,0,4,0,0,0,0,0
12,7,2,0,0,4,0,0,0,0,0
12,84,2,0,0,4,0,0,0,0,0
12,93,1,0,0,4,0,0,0,0,0
12,113,3,0,0,4,0,0,0,0,0
12,20,3,0,0,4,0,0,0,0,0
12,124,1,0,0,3,0,0,0,0,0
12,108,1,0,0,3,0,0,0,0,0
12,137,2,0,0,3,0,0,0,0,0
12,56,1,0,0,3,0,0,0,0,0
12,118,1,0,0,3,0,0,0,0,0
12,131,1,0,0,3,0,0,0,0,0
12,129,3,0,0,3,0,0,0,0,0
12,70,1,0,0,3,0,0,0,0,0
12,8,2,0,0,2,0,0,0,0,0
12,6,3,0,0,2,0,0,0,0,0
12,121,1,0,0,2,0,0,0,0,0
12,99,1,0,0,2,0,0,0,0,0
12,90,1,0,0,2,0,0,0,0,0
12,43,5,0,0,2,0,0,0,0,0
12,83,3,0,0,1,0,0,0,0,0
12,54,4,0,0,1,0,0,0,0,0
12,86,1,0,0,1,0,0,0,0,0
12,28,1,0,0,1,0,0,0,0,0
12,135,1,0,0,1,0,0,0,0,0
12,53,1,0,0,1,0,0,0,0,0
12,2,1,0,4,0,0,0,0,0,0
12,121,1,0,4,0,0,0,0,0,0
12,133,2,0,4,0,0,0,0,0,0
12,20,1,0,4,0,0,0,0,0,0
12,68,1,0,4,0,0,0,0,0,0
12,67,1,0,4,0,0,0,0,0,0
12,102,3,0,4,0,0,0,0,0,0
12,86,1,0,4,0,0,0,0,0,0
12,59,1,0,3,0,0,0,0,0,0
12,9,2,0,3,0,0,0,0,0,0
12,46,1,0,3,0,0,0,0,0,0
12,45,3,0,3,0,0,0,0,0,0
12,127,5,0,3,0,0,0,0,0,0
12,95,1,0,3,0,0,0,0,0,0
12,4,1,0,3,0,0,0,0,0,0
12,32,1,0,3,0,0,0,0,0,0
12,113,3,0,3,0,0,0,0,0,0
12,53,1,0,3,0,0,0,0,0,0
12,26,4,0,3,0,0,0,0,0,0
12,70,1,0,3,0,0,0,0,0,0
12,120,1,0,3,0,0,0,0,0,0
12,68,1,0,3,0,0,0,0,0,0
12,83,2,0,2,0,0,0,0,0,0
12,134,1,0,2,0,0,0,0,0,0
12,106,1,0,2,0,0,0,0,0,0
12,108,1,0,2,0,0,0,0,0,0
12,9,1,0,2,0,0,0,0,0,0
12,45,3,0,2,0,0,0,0,0,0
12,25,2,0,2,0,0,0,0,0,0
12,67,1,0,2,0,0,0,0,0,0
12,35,1,0,2,0,0,0,0,0,0
12,118,1,0,2,0,0,0,0,0,0
12,37,1,0,2,0,0,0,0,0,0
12,37,1,0,1,0,0,0,0,0,0
12,105,1,0,1,0,0,0,0,0,0
12,19,1,0,1,0,0,0,0,0,0
12,110,0,0,1,0,0,0,0,0,0
12,78,1,0,1,0,0,0,0,0,0
12,118,1,0,1,0,0,0,0,0,0
12,131,1,0,1,0,0,0,0,0,0
12,39,4,2,0,0,0,0,0,0,0
12,85,3,2,0,0,0,0,0,0,0
12,11,3,2,0,0,0,0,0,0,0
12,30,2,2,0,0,0,0,0,0,0
12,78,1,2,0,0,0,0,0,0,0
12,53,1,2,0,0,0,0,0,0,0
12,93,1,2,0,0,0,0,0,0,0
12,28,1,2,0,0,0,0,0,0,0
12,18,1,2,0,0,0,0,0,0,0
12,117,1,2,0,0,0,0,0,0,0
12,27,2,2,0,0,0,0,0,0,0
12,51,1,1,0,0,0,0,0,0,0
12,106,1,1,0,0,0,0,0,0,0
12,134,1,1,0,0,0,0,0,0,0
12,98,1,1,0,0,0,0,0,0,0
12,105,1,1,0,0,0,0,0,0,0
12,135,1,1,0,0,0,0,0,0,0
12,129,3,1,0,0,0,0,0,0,0
12,75,1,1,0,0,0,0,0,0,0
12,120,1,1,0,0,0,0,0,0,0
12,56,1,1,0,0,0,0,0,0,0
12,117,1,1,0,0,0,0,0,0,0
12,102,2,1,0,0,0,0,0,0,0
12,85,3,0,0,0,0,0,0,0,0
12,2,1,0,0,0,0,0,0,0,0
12,124,1,0,0,0,0,0,0,0,0
12,59,1,0,0,0,0,0,0,0,0
12,97,4,0,0,0,0,0,0,0,0
12,108,1,0,0,0,0,0,0,0,0
12,6,2,0,0,0,0,0,0,0,0
12,51,1,0,0,0,0,0,0,0,0
12,123,5,0,0,0,0,0,0,0,0
12,106,1,0,0,0,0,0,0,0,0
12,83,2,0,0,0,0,0,0,0,0
12,134,1,0,0,0,0,0,0,0,0
12,139,1,0,0,0,0,0,0,0,0
12,39,4,0,0,0,0,0,0,0,0
12,8,2,0,0,0,0,0,0,0,0
12,9,1,0,0,0,0,0,0,0,0
12,46,1,0,0,0,0,0,0,0,0
12,137,2,0,0,0,0,0,0,0,0
12,11,3,0,0,0,0,0,0,0,0
12,96,3,0,0,0,0,0,0,0,0
12,45,3,0,0,0,0,0,0,0,0
12,121,1,0,0,0,0,0,0,0,0
12,54,4,0,0,0,0,0,0,0,0
12,30,3,0,0,0,0,0,0,0,0
12,127,5,0,0,0,0,0,0,0,0
12,99,1,0,0,0,0,0,0,0,0
12,98,1,0,0,0,0,0,0,0,0
12,133,1,0,0,0,0,0,0,0,0
12,25,2,0,0,0,0,0,0,0,0
12,95,1,0,0,0,0,0,0,0,0
12,24,0,0,0,0,0,0,0,0,0
12,84,2,0,0,0,0,0,0,0,0
12,86,1,0,0,0,0,0,0,0,0
12,93,1,0,0,0,0,0,0,0,0
12,75,1,0,0,0,0,0,0,0,0
12,136,1,0,0,0,0,0,0,0,0
12,56,1,0,0,0,0,0,0,0,0
12,118,1,0,0,0,0,0,0,0,0
12,68,1,0,0,0,0,0,0,0,0
12,129,2,0,0,0,0,0,0,0,0
12,70,1,0,0,0,0,0,0,0,0
12,16,2,0,0,0,0,0,0,0,0
12,90,1,0,0,0,0,0,0,0,0
12,28,1,0,0,0,0,0,0,0,0
12,120,1,0,0,0,0,0,0,0,0
12,102,2,0,0,0,0,0,0,0,0
12,110,1,0,0,0,0,0,0,0,0
12,37,1,0,0,0,0,0,0,0,0
12,117,1,0,0,0,0,0,0,0,0
12,78,1,0,0,0,0,0,0,0,0
12,113,2,0,0,0,0,0,0,0,0
12,43,4,0,0,0,0,0,0,0,0
12,131,1,0,0,0,0,0,0,0,0
12,135,1,0,0,0,0,0,0,0,0
12,27,3,0,0,0,0,0,0,0,0
12,48,2,0,0,0,0,0,0,0,0
12,20,2,0,0,0,0,0,0,0,0
12,63,1,0,0,0,0,0,0,0,0
12,35,1,0,0,0,0,0,0,0,0
12,36,3,0,0,0,0,0,0,0,0
12,33,1,0,0,0,0,0,0,0,0
12,53,1,0,0,0,0,0,0,0,0
12,4,1,0,0,0,0,0,0,0,0
12,67,1,0,0,0,0,0,0,0,0
12,26,3,0,0,0,0,0,0,0,0
12,32,1,0,0,0,0,0,0,0,0
12,7,3,0,0,0,0,0,0,0,0
12,105,1,0,0,0,0,0,0,0,0
12,18,2,0,0,0,0,0,0,0,0
12,19,2,0,0,0,0,0,0,0,0
13,132,0,0,0,0,0,0,0,2,0
13,138,1,0,0,0,0,2,0,0,0
13,132,0,0,0,0,0,1,0,0,0
13,138,3,0,0,0,2,0,0,0,0
13,132,0,0,0,0,1,0,0,0,0
13,132,0,0,0,0,0,0,0,0,0
13,138,4,0,0,0,0,0,0,0,0
14,108,4,0,0,0,0,0,0,0,4
14,30,3,0,0,0,0,0,0,0,4
14,129,5,0,0,0,0,0,0,0,4
14,66,4,0,0,0,0,0,0,0,3
14,112,4,0,0,0,0,0,0,0,2
14,66,5,0,0,0,0,0,0,0,1
14,30,1,0,0,0,0,0,0,3,0
14,105,1,0,0,0,0,0,0,3,0
14,134,5,0,0,0,0,0,0,2,0
14,112,3,0,0,0,0,0,0,2,0
14,119,4,0,0,0,0,0,0,2,0
14,21,2,0,0,0,0,0,0,2,0
14,30,1,0,0,0,0,0,2,0,0
14,28,3,0,0,0,0,3,0,0,0
14,21,2,0,0,0,0,3,0,0,0
14,105,1,0,0,0,0,3,0,0,0
14,32,1,0,0,0,0,2,0,0,0
14,21,4,0,0,0,0,2,0,0,0
14,47,5,0,0,0,0,2,0,0,0
14,134,5,0,0,0,0,2,0,0,0
14,67,5,0,0,0,0,1,0,0,0
14,32,1,0,0,0,4,0,0,0,0
14,112,4,0,0,0,4,0,0,0,0
14,56,5,0,0,0,3,0,0,0,0
14,105,1,0,0,0,2,0,0,0,0
14,28,1,0,0,4,0,0,0,0,0
14,67,2,0,0,4,0,0,0,0,0
14,38,4,0,0,3,0,0,0,0,0
14,108,1,0,0,3,0,0,0,0,0
14,67,3,0,0,3,0,0,0,0,0
14,56,3,0,0,3,0,0,0,0,0
14,66,5,0,0,2,0,0,0,0,0
14,108,3,0,0,1,0,0,0,0,0
14,47,4,0,4,0,0,0,0,0,0
14,129,3,0,4,0,0,0,0,0,0
14,38,1,0,3,0,0,0,0,0,0
14,28,4,0,1,0,0,0,0,0,0
14,32,1,0,1,0,0,0,0,0,0
14,119,4,0,1,0,0,0,0,0,0
14,56,3,2,0,0,0,0,0,0,0
14,119,5,2,0,0,0,0,0,0,0
14,129,5,1,0,0,0,0,0,0,0
14,134,5,1,0,0,0,0,0,0,0
14,38,5,1,0,0,0,0,0,0,0
14,28,3,0,0,0,0,0,0,0,0
14,112,4,0,0,0,0,0,0,0,0
14,67,5,0,0,0,0,0,0,0,0
14,119,5,0,0,0,0,0,0,0,0
14,105,1,0,0,0,0,0,0,0,0
14,134,3,0,0,0,0,0,0,0,0
14,38,5,0,0,0,0,0,0,0,0
14,47,5,0,0,0,0,0,0,0,0
14,129,5,0,0,0,0,0,0,0,0
14,21,3,0,0,0,0,0,0,0,0
14,56,5,0,0,0,0,0,0,0,0
14,32,1,0,0,0,0,0,0,0,0
14,108,2,0,0,0,0,0,0,0,0
14,66,5,0,0,0,0,0,0,0,0
14,30,2,0,0,0,0,0,0,0,0
15,83,1,0,0,0,0,0,0,0,4
15,110,4,0,0,0,0,0,0,0,1
15,110,3,0,0,0,0,0,0,3,0
15,12,1,0,0,0,0,0,0,3,0
15,12,4,0,0,0,0,0,0,1,0
15,60,1,0,0,3,0,0,0,0,0
15,60,4,0,0,1,0,0,0,0,0
15,52,2,0,0,1,0,0,0,0,0
15,110,3,0,3,0,0,0,0,0,0
15,60,3,0,2,0,0,0,0,0,0
15,52,3,0,2,0,0,0,0,0,0
15,83,1,2,0,0,0,0,0,0,0
15,52,2,2,0,0,0,0,0,0,0
15,12,1,1,0,0,0,0,0,0,0
15,83,1,1,0,0,0,0,0,0,0
15,52,3,0,0,0,0,0,0,0,0
15,60,4,0,0,0,0,0,0,0,0
15,110,4,0,0,0,0,0,0,0,0
15,83,1,0,0,0,0,0,0,0,0
16,9,3,0,0,0,0,0,0,0,1
16,15,1,0,0,0,0,0,0,3,0
16,3,4,0,0,0,0,0,0,1,0
16,121,2,0,0,0,0,0,0,1,0
16,32,1,0,0,0,0,0,2,0,0
16,121,3,0,0,0,0,3,0,0,0
16,32,1,0,0,0,0,2,0,0,0
16,9,1,0,0,0,0,2,0,0,0
16,32,1,0,0,0,0,1,0,0,0
16,15,3,0,0,0,4,0,0,0,0
16,3,5,0,0,3,0,0,0,0,0
16,15,3,0,0,2,0,0,0,0,0
16,9,1,0,0,1,0,0,0,0,0
16,121,3,0,2,0,0,0,0,0,0
16,32,1,0,0,0,0,0,0,0,0
16,3,4,0,0,0,0,0,0,0,0
16,9,2,0,0,0,0,0,0,0,0
16,121,1,0,0,0,0,0,0,0,0
16,15,3,0,0,0,0,0,0,0,0
17,77,4,0,0,0,0,3,0,0,0
17,77,4,0,0,0,2,0,0,0,0
17,77,5,0,0,0,0,0,0,0,0
18,105,1,0,0,0,0,0,0,0,4
18,81,2,0,0,0,0,0,0,0,2
18,64,2,0,0,0,0,0,0,0,1
18,8,1,0,0,0,0,0,0,2,0
18,88,2,0,0,0,0,0,0,1,0
18,105,1,0,0,0,0,0,0,1,0
18,110,1,0,0,0,0,0,0,1,0
18,88,2,0,0,0,0,0,2,0,0
18,109,2,0,0,0,0,0,1,0,0
18,61,3,0,0,0,0,3,0,0,0
18,41,3,0,0,0,0,2,0,0,0
18,98,1,0,0,0,0,1,0,0,0
18,63,4,0,0,0,0,1,0,0,0
18,110,1,0,0,0,0,1,0,0,0
18,105,1,0,0,0,4,0,0,0,0
18,77,1,0,0,0,3,0,0,0,0
18,86,4,0,0,0,3,0,0,0,0
18,63,2,0,0,0,3,0,0,0,0
18,61,1,0,0,0,3,0,0,0,0
18,98,1,0,0,0,2,0,0,0,0
18,75,1,0,0,0,1,0,0,0,0
18,82,3,0,0,0,1,0,0,0,0
18,86,1,0,0,4,0,0,0,0,0
18,82,2,0,0,4,0,0,0,0,0
18,8,1,0,0,4,0,0,0,0,0
18,109,2,0,0,4,0,0,0,0,0
18,77,1,0,0,3,0,0,0,0,0
18,8,1,0,0,3,0,0,0,0,0
18,75,1,0,0,2,0,0,0,0,0
18,98,1,0,0,2,0,0,0,0,0
18,64,4,0,0,2,0,0,0,0,0
18,61,5,0,0,2,0,0,0,0,0
18,41,3,0,4,0,0,0,0,0,0
18,86,2,0,4,0,0,0,0,0,0
18,110,1,0,3,0,0,0,0,0,0
18,81,3,0,2,0,0,0,0,0,0
18,88,2,0,2,0,0,0,0,0,0
18,75,1,0,1,0,0,0,0,0,0
18,82,5,2,0,0,0,0,0,0,0
18,77,4,2,0,0,0,0,0,0,0
18,81,5,2,0,0,0,0,0,0,0
18,109,3,2,0,0,0,0,0,0,0
18,41,1,1,0,0,0,0,0,0,0
18,63,5,1,0,0,0,0,0,0,0
18,98,1,0,0,0,0,0,0,0,0
18,77,4,0,0,0,0,0,0,0,0
18,82,5,0,0,0,0,0,0,0,0
18,105,1,0,0,0,0,0,0,0,0
18,86,2,0,0,0,0,0,0,0,0
18,88,2,0,0,0,0,0,0,0,0
18,64,3,0,0,0,0,0,0,0,0
18,81,4,0,0,0,0,0,0,0,0
18,41,4,0,0,0,0,0,0,0,0
18,75,1,0,0,0,0,0,0,0,0
18,63,5,0,0,0,0,0,0,0,0
18,8,1,0,0,0,0,0,0,0,0
18,61,4,0,0,0,0,0,0,0,0
18,110,1,0,0,0,0,0,0,0,0
18,109,4,0,0,0,0,0,0,0,0
19,113,2,0,0,0,0,0,0,0,4
19,23,1,0,0,0,0,0,0,0,4
19,80,1,0,0,0,0,0,0,0,4
19,136,3,0,0,0,0,0,0,0,4
19,131,1,0,0,0,0,0,0,0,4
19,45,4,0,0,0,0,0,0,0,4
19,54,1,0,0,0,0,0,0,0,4
19,72,1,0,0,0,0,0,0,0,4
19,7,5,0,0,0,0,0,0,0,4
19,33,4,0,0,0,0,0,0,0,4
19,2,5,0,0,0,0,0,0,0,4
19,14,5,0,0,0,0,0,0,0,4
19,56,1,0,0,0,0,0,0,0,4
19,129,1,0,0,0,0,0,0,0,4
19,46,5,0,0,0,0,0,0,0,4
19,17,4,0,0,0,0,0,0,0,4
19,87,1,0,0,0,0,0,0,0,4
19,12,5,0,0,0,0,0,0,0,4
19,130,1,0,0,0,0,0,0,0,4
19,126,1,0,0,0,0,0,0,0,4
19,40,2,0,0,0,0,0,0,0,4
19,137,3,0,0,0,0,0,0,0,3
19,91,1,0,0,0,0,0,0,0,3
19,11,2,0,0,0,0,0,0,0,3
19,128,3,0,0,0,0,0,0,0,3
19,70,1,0,0,0,0,0,0,0,3
19,127,1,0,0,0,0,0,0,0,3
19,32,1,0,0,0,0,0,0,0,3
19,107,3,0,0,0,0,0,0,0,3
19,139,1,0,0,0,0,0,0,0,3
19,79,2,0,0,0,0,0,0,0,3
19,48,5,0,0,0,0,0,0,0,3
19,106,1,0,0,0,0,0,0,0,3
19,29,5,0,0,0,0,0,0,0,3
19,38,1,0,0,0,0,0,0,0,3
19,7,5,0,0,0,0,0,0,0,3
19,36,5,0,0,0,0,0,0,0,3
19,62,1,0,0,0,0,0,0,0,3
19,24,1,0,0,0,0,0,0,0,3
19,47,5,0,0,0,0,0,0,0,3
19,3,5,0,0,0,0,0,0,0,3
19,72,1,0,0,0,0,0,0,0,2
19,120,1,0,0,0,0,0,0,0,2
19,128,1,0,0,0,0,0,0,0,2
19,122,1,0,0,0,0,0,0,0,2
19,28,5,0,0,0,0,0,0,0,2
19,27,5,0,0,0,0,0,0,0,2
19,3,4,0,0,0,0,0,0,0,2
19,86,1,0,0,0,0,0,0,0,2
19,30,5,0,0,0,0,0,0,0,2
19,69,1,0,0,0,0,0,0,0,2
19,112,1,0,0,0,0,0,0,0,2
19,24,1,0,0,0,0,0,0,0,2
19,44,5,0,0,0,0,0,0,0,2
19,8,5,0,0,0,0,0,0,0,2
19,102,1,0,0,0,0,0,0,0,2
19,67,1,0,0,0,0,0,0,0,2
19,95,1,0,0,0,0,0,0,0,2
19,126,1,0,0,0,0,0,0,0,1
19,57,1,0,0,0,0,0,0,0,1
19,67,1,0,0,0,0,0,0,0,1
19,43,5,0,0,0,0,0,0,0,1
19,59,1,0,0,0,0,0,0,0,1
19,84,3,0,0,0,0,0,0,0,1
19,120,1,0,0,0,0,0,0,0,1
19,4,5,0,0,0,0,0,0,0,1
19,103,1,0,0,0,0,0,0,0,1
19,111,2,0,0,0,0,0,0,0,1
19,109,1,0,0,0,0,0,0,0,1
19,18,5,0,0,0,0,0,0,0,1
19,2,5,0,0,0,0,0,0,0,1
19,116,1,0,0,0,0,0,0,0,1
19,137,3,0,0,0,0,0,0,0,1
19,12,5,0,0,0,0,0,0,0,1
19,35,2,0,0,0,0,0,0,0,1
19,13,5,0,0,0,0,0,0,0,1
19,7,5,0,0,0,0,0,0,0,1
19,104,1,0,0,0,0,0,0,0,1
19,102,1,0,0,0,0,0,0,0,1
19,133,1,0,0,0,0,0,0,0,1
19,21,1,0,0,0,0,0,0,0,1
19,99,3,0,0,0,0,0,0,0,1
19,96,2,0,0,0,0,0,0,0,1
19,9,5,0,0,0,0,0,0,3,0
19,113,1,0,0,0,0,0,0,3,0
19,35,1,0,0,0,0,0,0,3,0
19,62,2,0,0,0,0,0,0,3,0
19,85,2,0,0,0,0,0,0,3,0
19,82,1,0,0,0,0,0,0,3,0
19,101,3,0,0,0,0,0,0,3,0
19,46,5,0,0,0,0,0,0,3,0
19,64,1,0,0,0,0,0,0,3,0
19,110,2,0,0,0,0,0,0,3,0
19,119,1,0,0,0,0,0,0,3,0
19,115,1,0,0,0,0,0,0,3,0
19,71,1,0,0,0,0,0,0,3,0
19,70,1,0,0,0,0,0,0,3,0
19,36,5,0,0,0,0,0,0,3,0
19,56,1,0,0,0,0,0,0,3,0
19,52,1,0,0,0,0,0,0,3,0
19,84,3,0,0,0,0,0,0,3,0
19,76,1,0,0,0,0,0,0,3,0
19,105,1,0,0,0,0,0,0,3,0
19,22,1,0,0,0,0,0,0,3,0
19,6,5,0,0,0,0,0,0,3,0
19,106,2,0,0,0,0,0,0,3,0
19,104,2,0,0,0,0,0,0,3,0
19,40,3,0,0,0,0,0,0,3,0
19,54,1,0,0,0,0,0,0,2,0
19,7,5,0,0,0,0,0,0,2,0
19,33,4,0,0,0,0,0,0,2,0
19,11,3,0,0,0,0,0,0,2,0
19,1,5,0,0,0,0,0,0,2,0
19,15,5,0,0,0,0,0,0,2,0
19,126,1,0,0,0,0,0,0,2,0
19,108,2,0,0,0,0,0,0,2,0
19,66,5,0,0,0,0,0,0,2,0
19,59,1,0,0,0,0,0,0,2,0
19,26,5,0,0,0,0,0,0,2,0
19,132,2,0,0,0,0,0,0,2,0
19,52,1,0,0,0,0,0,0,2,0
19,25,1,0,0,0,0,0,0,2,0
19,29,5,0,0,0,0,0,0,2,0
19,135,1,0,0,0,0,0,0,2,0
19,83,1,0,0,0,0,0,0,2,0
19,47,5,0,0,0,0,0,0,2,0
19,16,5,0,0,0,0,0,0,2,0
19,68,1,0,0,0,0,0,0,2,0
19,123,1,0,0,0,0,0,0,2,0
19,87,0,0,0,0,0,0,0,2,0
19,11,4,0,0,0,0,0,0,2,0
19,44,4,0,0,0,0,0,0,2,0
19,35,4,0,0,0,0,0,0,2,0
19,13,5,0,0,0,0,0,0,2,0
19,104,1,0,0,0,0,0,0,2,0
19,138,0,0,0,0,0,0,0,2,0
19,56,1,0,0,0,0,0,0,2,0
19,139,3,0,0,0,0,0,0,2,0
19,95,1,0,0,0,0,0,0,2,0
19,102,1,0,0,0,0,0,0,1,0
19,17,4,0,0,0,0,0,0,1,0
19,99,5,0,0,0,0,0,0,1,0
19,120,2,0,0,0,0,0,0,1,0
19,1,5,0,0,0,0,0,0,1,0
19,63,1,0,0,0,0,0,0,1,0
19,49,5,0,0,0,0,0,0,1,0
19,7,5,0,0,0,0,0,0,1,0
19,81,1,0,0,0,0,0,0,1,0
19,136,4,0,0,0,0,0,0,1,0
19,39,1,0,0,0,0,0,0,1,0
19,13,5,0,0,0,0,0,0,1,0
19,24,2,0,0,0,0,0,0,1,0
19,10,5,0,0,0,0,0,0,1,0
19,96,4,0,0,0,0,0,0,1,0
19,5,5,0,0,0,0,0,0,1,0
19,99,1,0,0,0,0,0,0,1,0
19,106,2,0,0,0,0,0,0,1,0
19,73,1,0,0,0,0,0,0,1,0
19,81,1,0,0,0,0,0,0,1,0
19,7,5,0,0,0,0,0,0,1,0
19,132,1,0,0,0,0,0,0,1,0
19,113,2,0,0,0,0,0,0,1,0
19,24,1,0,0,0,0,0,0,1,0
19,99,3,0,0,0,0,0,0,1,0
19,3,5,0,0,0,0,0,0,1,0
19,126,1,0,0,0,0,0,0,1,0
19,3,5,0,0,0,0,0,0,1,0
19,95,1,0,0,0,0,0,0,1,0
19,16,5,0,0,0,0,0,2,0,0
19,35,1,0,0,0,0,0,2,0,0
19,17,3,0,0,0,0,0,2,0,0
19,73,1,0,0,0,0,0,2,0,0
19,86,1,0,0,0,0,0,2,0,0
19,19,4,0,0,0,0,0,2,0,0
19,33,5,0,0,0,0,0,2,0,0
19,21,1,0,0,0,0,0,2,0,0
19,106,1,0,0,0,0,0,2,0,0
19,5,5,0,0,0,0,0,2,0,0
19,2,5,0,0,0,0,0,2,0,0
19,17,2,0,0,0,0,0,2,0,0
19,8,5,0,0,0,0,0,2,0,0
19,132,1,0,0,0,0,0,2,0,0
19,130,1,0,0,0,0,0,2,0,0
19,18,4,0,0,0,0,0,2,0,0
19,126,1,0,0,0,0,0,2,0,0
19,43,5,0,0,0,0,0,1,0,0
19,31,3,0,0,0,0,0,1,0,0
19,4,5,0,0,0,0,0,1,0,0
19,26,5,0,0,0,0,0,1,0,0
19,18,5,0,0,0,0,0,1,0,0
19,27,5,0,0,0,0,0,1,0,0
19,92,1,0,0,0,0,0,1,0,0
19,93,3,0,0,0,0,0,1,0,0
19,88,1,0,0,0,0,0,1,0,0
19,17,4,0,0,0,0,0,1,0,0
19,2,5,0,0,0,0,0,1,0,0
19,18,3,0,0,0,0,0,1,0,0
19,3,5,0,0,0,0,0,1,0,0
19,21,1,0,0,0,0,0,1,0,0
19,121,1,0,0,0,0,3,0,0,0
19,23,1,0,0,0,0,3,0,0,0
19,12,3,0,0,0,0,3,0,0,0
19,81,1,0,0,0,0,3,0,0,0
19,15,5,0,0,0,0,3,0,0,0
19,102,1,0,0,0,0,3,0,0,0
19,133,1,0,0,0,0,3,0,0,0
19,95,1,0,0,0,0,3,0,0,0
19,98,1,0,0,0,0,3,0,0,0
19,134,1,0,0,0,0,3,0,0,0
19,135,1,0,0,0,0,3,0,0,0
19,78,1,0,0,0,0,3,0,0,0
19,28,5,0,0,0,0,3,0,0,0
19,100,1,0,0,0,0,3,0,0,0
19,94,1,0,0,0,0,3,0,0,0
19,123,2,0,0,0,0,3,0,0,0
19,103,1,0,0,0,0,3,0,0,0
19,129,1,0,0,0,0,3,0,0,0
19,38,1,0,0,0,0,3,0,0,0
19,22,1,0,0,0,0,3,0,0,0
19,39,1,0,0,0,0,3,0,0,0
19,105,1,0,0,0,0,3,0,0,0
19,53,1,0,0,0,0,3,0,0,0
19,116,1,0,0,0,0,3,0,0,0
19,68,1,0,0,0,0,3,0,0,0
19,24,1,0,0,0,0,3,0,0,0
19,12,5,0,0,0,0,3,0,0,0
19,38,0,0,0,0,0,3,0,0,0
19,29,5,0,0,0,0,3,0,0,0
19,54,1,0,0,0,0,3,0,0,0
19,3,5,0,0,0,0,3,0,0,0
19,51,1,0,0,0,0,2,0,0,0
19,1,5,0,0,0,0,2,0,0,0
19,57,1,0,0,0,0,2,0,0,0
19,67,1,0,0,0,0,2,0,0,0
19,17,5,0,0,0,0,2,0,0,0
19,110,3,0,0,0,0,2,0,0,0
19,69,1,0,0,0,0,2,0,0,0
19,5,5,0,0,0,0,2,0,0,0
19,2,5,0,0,0,0,2,0,0,0
19,52,0,0,0,0,0,2,0,0,0
19,90,1,0,0,0,0,2,0,0,0
19,59,2,0,0,0,0,2,0,0,0
19,60,1,0,0,0,0,2,0,0,0
19,61,1,0,0,0,0,2,0,0,0
19,116,1,0,0,0,0,2,0,0,0
19,75,3,0,0,0,0,2,0,0,0
19,50,5,0,0,0,0,2,0,0,0
19,129,1,0,0,0,0,2,0,0,0
19,10,5,0,0,0,0,2,0,0,0
19,14,5,0,0,0,0,2,0,0,0
19,99,1,0,0,0,0,2,0,0,0
19,106,2,0,0,0,0,2,0,0,0
19,11,4,0,0,0,0,2,0,0,0
19,12,5,0,0,0,0,2,0,0,0
19,113,1,0,0,0,0,2,0,0,0
19,82,1,0,0,0,0,2,0,0,0
19,99,1,0,0,0,0,2,0,0,0
19,62,1,0,0,0,0,2,0,0,0
19,85,2,0,0,0,0,1,0,0,0
19,15,3,0,0,0,0,1,0,0,0
19,30,5,0,0,0,0,1,0,0,0
19,42,5,0,0,0,0,1,0,0,0
19,22,1,0,0,0,0,1,0,0,0
19,106,1,0,0,0,0,1,0,0,0
19,93,2,0,0,0,0,1,0,0,0
19,3,4,0,0,0,0,1,0,0,0
19,24,1,0,0,0,0,1,0,0,0
19,100,1,0,0,0,0,1,0,0,0
19,61,1,0,0,0,0,1,0,0,0
19,8,5,0,0,0,0,1,0,0,0
19,24,1,0,0,0,0,1,0,0,0
19,122,1,0,0,0,0,1,0,0,0
19,99,1,0,0,0,0,1,0,0,0
19,34,1,0,0,0,4,0,0,0,0
19,122,1,0,0,0,4,0,0,0,0
19,115,1,0,0,0,4,0,0,0,0
19,42,5,0,0,0,4,0,0,0,0
19,85,4,0,0,0,4,0,0,0,0
19,91,1,0,0,0,4,0,0,0,0
19,83,1,0,0,0,4,0,0,0,0
19,8,5,0,0,0,4,0,0,0,0
19,13,5,0,0,0,4,0,0,0,0
19,97,4,0,0,0,4,0,0,0,0
19,20,5,0,0,0,4,0,0,0,0
19,79,2,0,0,0,4,0,0,0,0
19,137,3,0,0,0,4,0,0,0,0
19,20,5,0,0,0,4,0,0,0,0
19,31,1,0,0,0,4,0,0,0,0
19,13,5,0,0,0,4,0,0,0,0
19,133,1,0,0,0,4,0,0,0,0
19,3,5,0,0,0,4,0,0,0,0
19,131,1,0,0,0,4,0,0,0,0
19,25,2,0,0,0,3,0,0,0,0
19,12,5,0,0,0,3,0,0,0,0
19,99,4,0,0,0,3,0,0,0,0
19,73,1,0,0,0,3,0,0,0,0
19,23,1,0,0,0,3,0,0,0,0
19,43,5,0,0,0,3,0,0,0,0
19,51,1,0,0,0,3,0,0,0,0
19,118,1,0,0,0,3,0,0,0,0
19,34,1,0,0,0,3,0,0,0,0
19,66,5,0,0,0,3,0,0,0,0
19,40,1,0,0,0,3,0,0,0,0
19,58,2,0,0,0,3,0,0,0,0
19,130,1,0,0,0,3,0,0,0,0
19,63,1,0,0,0,3,0,0,0,0
19,90,1,0,0,0,3,0,0,0,0
19,6,5,0,0,0,3,0,0,0,0
19,24,1,0,0,0,3,0,0,0,0
19,95,1,0,0,0,3,0,0,0,0
19,103,2,0,0,0,3,0,0,0,0
19,18,5,0,0,0,3,0,0,0,0
19,3,5,0,0,0,3,0,0,0,0
19,20,5,0,0,0,3,0,0,0,0
19,8,5,0,0,0,3,0,0,0,0
19,20,5,0,0,0,3,0,0,0,0
19,84,2,0,0,0,3,0,0,0,0
19,132,1,0,0,0,3,0,0,0,0
19,100,1,0,0,0,3,0,0,0,0
19,96,3,0,0,0,3,0,0,0,0
19,108,3,0,0,0,2,0,0,0,0
19,137,3,0,0,0,2,0,0,0,0
19,82,1,0,0,0,2,0,0,0,0
19,46,5,0,0,0,2,0,0,0,0
19,9,3,0,0,0,2,0,0,0,0
19,98,2,0,0,0,2,0,0,0,0
19,58,3,0,0,0,2,0,0,0,0
19,112,1,0,0,0,2,0,0,0,0
19,76,1,0,0,0,2,0,0,0,0
19,125,4,0,0,0,2,0,0,0,0
19,50,5,0,0,0,2,0,0,0,0
19,10,5,0,0,0,2,0,0,0,0
19,111,2,0,0,0,2,0,0,0,0
19,116,1,0,0,0,2,0,0,0,0
19,49,5,0,0,0,2,0,0,0,0
19,107,4,0,0,0,2,0,0,0,0
19,115,1,0,0,0,2,0,0,0,0
19,61,1,0,0,0,2,0,0,0,0
19,96,2,0,0,0,2,0,0,0,0
19,113,1,0,0,0,2,0,0,0,0
19,47,5,0,0,0,2,0,0,0,0
19,21,2,0,0,0,2,0,0,0,0
19,67,1,0,0,0,2,0,0,0,0
19,54,1,0,0,0,1,0,0,0,0
19,101,3,0,0,0,1,0,0,0,0
19,133,1,0,0,0,1,0,0,0,0
19,95,1,0,0,0,1,0,0,0,0
19,132,2,0,0,0,1,0,0,0,0
19,77,1,0,0,0,1,0,0,0,0
19,19,3,0,0,0,1,0,0,0,0
19,76,1,0,0,0,1,0,0,0,0
19,6,5,0,0,0,1,0,0,0,0
19,88,1,0,0,0,1,0,0,0,0
19,55,1,0,0,0,1,0,0,0,0
19,124,3,0,0,0,1,0,0,0,0
19,107,3,0,0,0,1,0,0,0,0
19,8,5,0,0,0,1,0,0,0,0
19,93,4,0,0,0,1,0,0,0,0
19,114,2,0,0,0,1,0,0,0,0
19,17,2,0,0,0,1,0,0,0,0
19,73,1,0,0,0,1,0,0,0,0
19,111,2,0,0,0,1,0,0,0,0
19,81,1,0,0,0,1,0,0,0,0
19,132,1,0,0,0,1,0,0,0,0
19,96,2,0,0,0,1,0,0,0,0
19,133,1,0,0,0,1,0,0,0,0
19,56,1,0,0,0,1,0,0,0,0
19,139,2,0,0,0,1,0,0,0,0
19,73,1,0,0,4,0,0,0,0,0
19,9,4,0,0,4,0,0,0,0,0
19,115,1,0,0,4,0,0,0,0,0
19,56,1,0,0,4,0,0,0,0,0
19,4,5,0,0,4,0,0,0,0,0
19,110,3,0,0,4,0,0,0,0,0
19,138,1,0,0,4,0,0,0,0,0
19,123,2,0,0,4,0,0,0,0,0
19,2,5,0,0,4,0,0,0,0,0
19,37,1,0,0,4,0,0,0,0,0
19,55,1,0,0,4,0,0,0,0,0
19,32,2,0,0,4,0,0,0,0,0
19,44,4,0,0,4,0,0,0,0,0
19,116,1,0,0,4,0,0,0,0,0
19,109,1,0,0,4,0,0,0,0,0
19,88,1,0,0,4,0,0,0,0,0
19,121,1,0,0,4,0,0,0,0,0
19,117,1,0,0,4,0,0,0,0,0
19,92,2,0,0,4,0,0,0,0,0
19,70,1,0,0,4,0,0,0,0,0
19,123,1,0,0,4,0,0,0,0,0
19,46,5,0,0,4,0,0,0,0,0
19,99,1,0,0,4,0,0,0,0,0
19,115,1,0,0,4,0,0,0,0,0
19,31,1,0,0,4,0,0,0,0,0
19,67,0,0,0,4,0,0,0,0,0
19,86,1,0,0,3,0,0,0,0,0
19,30,5,0,0,3,0,0,0,0,0
19,98,1,0,0,3,0,0,0,0,0
19,5,5,0,0,3,0,0,0,0,0
19,78,1,0,0,3,0,0,0,0,0
19,36,5,0,0,3,0,0,0,0,0
19,105,1,0,0,3,0,0,0,0,0
19,32,3,0,0,3,0,0,0,0,0
19,114,1,0,0,3,0,0,0,0,0
19,132,1,0,0,3,0,0,0,0,0
19,84,4,0,0,3,0,0,0,0,0
19,111,1,0,0,3,0,0,0,0,0
19,12,5,0,0,3,0,0,0,0,0
19,96,2,0,0,3,0,0,0,0,0
19,82,1,0,0,2,0,0,0,0,0
19,65,1,0,0,2,0,0,0,0,0
19,35,1,0,0,2,0,0,0,0,0
19,131,1,0,0,2,0,0,0,0,0
19,134,1,0,0,2,0,0,0,0,0
19,117,1,0,0,2,0,0,0,0,0
19,47,5,0,0,2,0,0,0,0,0
19,77,1,0,0,2,0,0,0,0,0
19,125,4,0,0,2,0,0,0,0,0
19,37,1,0,0,2,0,0,0,0,0
19,75,2,0,0,2,0,0,0,0,0
19,38,1,0,0,2,0,0,0,0,0
19,132,1,0,0,2,0,0,0,0,0
19,24,1,0,0,2,0,0,0,0,0
19,31,1,0,0,2,0,0,0,0,0
19,138,1,0,0,2,0,0,0,0,0
19,62,1,0,0,2,0,0,0,0,0
19,99,1,0,0,2,0,0,0,0,0
19,74,1,0,0,1,0,0,0,0,0
19,113,2,0,0,1,0,0,0,0,0
19,71,1,0,0,1,0,0,0,0,0
19,123,3,0,0,1,0,0,0,0,0
19,5,5,0,0,1,0,0,0,0,0
19,67,1,0,0,1,0,0,0,0,0
19,50,5,0,0,1,0,0,0,0,0
19,87,1,0,0,1,0,0,0,0,0
19,48,5,0,0,1,0,0,0,0,0
19,29,5,0,0,1,0,0,0,0,0
19,11,5,0,0,1,0,0,0,0,0
19,111,1,0,0,1,0,0,0,0,0
19,115,0,0,0,1,0,0,0,0,0
19,81,1,0,0,1,0,0,0,0,0
19,12,5,0,0,1,0,0,0,0,0
19,44,3,0,0,1,0,0,0,0,0
19,96,3,0,0,1,0,0,0,0,0
19,82,1,0,0,1,0,0,0,0,0
19,99,4,0,0,1,0,0,0,0,0
19,29,5,0,4,0,0,0,0,0,0
19,125,2,0,4,0,0,0,0,0,0
19,65,1,0,4,0,0,0,0,0,0
19,97,2,0,4,0,0,0,0,0,0
19,99,2,0,4,0,0,0,0,0,0
19,118,1,0,4,0,0,0,0,0,0
19,137,3,0,4,0,0,0,0,0,0
19,96,1,0,4,0,0,0,0,0,0
19,91,1,0,4,0,0,0,0,0,0
19,64,1,0,4,0,0,0,0,0,0
19,136,1,0,4,0,0,0,0,0,0
19,38,1,0,4,0,0,0,0,0,0
19,45,3,0,4,0,0,0,0,0,0
19,37,1,0,4,0,0,0,0,0,0
19,39,1,0,4,0,0,0,0,0,0
19,124,2,0,4,0,0,0,0,0,0
19,87,1,0,4,0,0,0,0,0,0
19,139,1,0,4,0,0,0,0,0,0
19,21,1,0,4,0,0,0,0,0,0
19,106,1,0,4,0,0,0,0,0,0
19,26,5,0,4,0,0,0,0,0,0
19,105,0,0,4,0,0,0,0,0,0
19,36,5,0,4,0,0,0,0,0,0
19,99,1,0,4,0,0,0,0,0,0
19,113,1,0,4,0,0,0,0,0,0
19,89,3,0,3,0,0,0,0,0,0
19,66,5,0,3,0,0,0,0,0,0
19,65,1,0,3,0,0,0,0,0,0
19,131,1,0,3,0,0,0,0,0,0
19,72,1,0,3,0,0,0,0,0,0
19,80,1,0,3,0,0,0,0,0,0
19,130,1,0,3,0,0,0,0,0,0
19,36,5,0,3,0,0,0,0,0,0
19,100,1,0,3,0,0,0,0,0,0
19,58,2,0,3,0,0,0,0,0,0
19,70,1,0,3,0,0,0,0,0,0
19,40,1,0,3,0,0,0,0,0,0
19,79,2,0,3,0,0,0,0,0,0
19,13,5,0,3,0,0,0,0,0,0
19,77,1,0,3,0,0,0,0,0,0
19,29,5,0,3,0,0,0,0,0,0
19,104,2,0,3,0,0,0,0,0,0
19,5,5,0,3,0,0,0,0,0,0
19,26,5,0,3,0,0,0,0,0,0
19,70,1,0,3,0,0,0,0,0,0
19,29,5,0,3,0,0,0,0,0,0
19,137,3,0,3,0,0,0,0,0,0
19,87,1,0,3,0,0,0,0,0,0
19,38,1,0,3,0,0,0,0,0,0
19,35,2,0,3,0,0,0,0,0,0
19,102,1,0,3,0,0,0,0,0,0
19,109,1,0,3,0,0,0,0,0,0
19,18,3,0,3,0,0,0,0,0,0
19,122,1,0,3,0,0,0,0,0,0
19,82,0,0,3,0,0,0,0,0,0
19,131,1,0,3,0,0,0,0,0,0
19,36,5,0,3,0,0,0,0,0,0
19,60,1,0,2,0,0,0,0,0,0
19,31,1,0,2,0,0,0,0,0,0
19,41,5,0,2,0,0,0,0,0,0
19,134,1,0,2,0,0,0,0,0,0
19,133,1,0,2,0,0,0,0,0,0
19,46,5,0,2,0,0,0,0,0,0
19,71,1,0,2,0,0,0,0,0,0
19,94,1,0,2,0,0,0,0,0,0
19,138,1,0,2,0,0,0,0,0,0
19,84,3,0,2,0,0,0,0,0,0
19,21,1,0,2,0,0,0,0,0,0
19,114,1,0,2,0,0,0,0,0,0
19,130,1,0,2,0,0,0,0,0,0
19,49,5,0,2,0,0,0,0,0,0
19,55,1,0,2,0,0,0,0,0,0
19,92,1,0,2,0,0,0,0,0,0
19,106,1,0,2,0,0,0,0,0,0
19,84,3,0,2,0,0,0,0,0,0
19,116,1,0,2,0,0,0,0,0,0
19,105,1,0,2,0,0,0,0,0,0
19,29,5,0,2,0,0,0,0,0,0
19,109,1,0,2,0,0,0,0,0,0
19,138,1,0,2,0,0,0,0,0,0
19,113,2,0,2,0,0,0,0,0,0
19,122,1,0,2,0,0,0,0,0,0
19,99,1,0,2,0,0,0,0,0,0
19,127,1,0,1,0,0,0,0,0,0
19,12,5,0,1,0,0,0,0,0,0
19,118,1,0,1,0,0,0,0,0,0
19,62,3,0,1,0,0,0,0,0,0
19,81,1,0,1,0,0,0,0,0,0
19,31,2,0,1,0,0,0,0,0,0
19,34,1,0,1,0,0,0,0,0,0
19,41,5,0,1,0,0,0,0,0,0
19,57,0,0,1,0,0,0,0,0,0
19,135,1,0,1,0,0,0,0,0,0
19,132,2,0,1,0,0,0,0,0,0
19,94,1,0,1,0,0,0,0,0,0
19,138,1,0,1,0,0,0,0,0,0
19,53,1,0,1,0,0,0,0,0,0
19,111,2,0,1,0,0,0,0,0,0
19,83,1,0,1,0,0,0,0,0,0
19,74,1,0,1,0,0,0,0,0,0
19,61,1,0,1,0,0,0,0,0,0
19,121,1,0,1,0,0,0,0,0,0
19,26,5,0,1,0,0,0,0,0,0
19,29,5,0,1,0,0,0,0,0,0
19,130,1,0,1,0,0,0,0,0,0
19,11,4,2,0,0,0,0,0,0,0
19,119,1,2,0,0,0,0,0,0,0
19,51,1,2,0,0,0,0,0,0,0
19,96,2,2,0,0,0,0,0,0,0
19,42,5,2,0,0,0,0,0,0,0
19,126,1,2,0,0,0,0,0,0,0
19,101,2,2,0,0,0,0,0,0,0
19,108,2,2,0,0,0,0,0,0,0
19,26,5,2,0,0,0,0,0,0,0
19,128,2,2,0,0,0,0,0,0,0
19,45,4,2,0,0,0,0,0,0,0
19,78,1,2,0,0,0,0,0,0,0
19,100,1,2,0,0,0,0,0,0,0
19,47,5,2,0,0,0,0,0,0,0
19,75,2,2,0,0,0,0,0,0,0
19,89,3,2,0,0,0,0,0,0,0
19,60,1,2,0,0,0,0,0,0,0
19,25,2,2,0,0,0,0,0,0,0
19,48,5,2,0,0,0,0,0,0,0
19,16,5,2,0,0,0,0,0,0,0
19,20,5,2,0,0,0,0,0,0,0
19,100,0,2,0,0,0,0,0,0,0
19,123,1,2,0,0,0,0,0,0,0
19,104,2,2,0,0,0,0,0,0,0
19,17,2,2,0,0,0,0,0,0,0
19,46,5,2,0,0,0,0,0,0,0
19,44,4,2,0,0,0,0,0,0,0
19,105,1,2,0,0,0,0,0,0,0
19,104,1,2,0,0,0,0,0,0,0
19,109,1,2,0,0,0,0,0,0,0
19,99,1,2,0,0,0,0,0,0,0
19,54,1,2,0,0,0,0,0,0,0
19,40,2,2,0,0,0,0,0,0,0
19,47,5,2,0,0,0,0,0,0,0
19,117,1,1,0,0,0,0,0,0,0
19,61,1,1,0,0,0,0,0,0,0
19,62,4,1,0,0,0,0,0,0,0
19,27,5,1,0,0,0,0,0,0,0
19,122,1,1,0,0,0,0,0,0,0
19,80,1,1,0,0,0,0,0,0,0
19,41,5,1,0,0,0,0,0,0,0
19,119,1,1,0,0,0,0,0,0,0
19,97,5,1,0,0,0,0,0,0,0
19,64,1,1,0,0,0,0,0,0,0
19,40,3,1,0,0,0,0,0,0,0
19,19,4,1,0,0,0,0,0,0,0
19,69,1,1,0,0,0,0,0,0,0
19,90,1,1,0,0,0,0,0,0,0
19,127,1,1,0,0,0,0,0,0,0
19,63,1,1,0,0,0,0,0,0,0
19,28,5,1,0,0,0,0,0,0,0
19,124,4,1,0,0,0,0,0,0,0
19,14,5,1,0,0,0,0,0,0,0
19,89,4,1,0,0,0,0,0,0,0
19,102,1,1,0,0,0,0,0,0,0
19,109,1,1,0,0,0,0,0,0,0
19,53,1,1,0,0,0,0,0,0,0
19,74,1,1,0,0,0,0,0,0,0
19,112,1,1,0,0,0,0,0,0,0
19,87,0,1,0,0,0,0,0,0,0
19,139,1,1,0,0,0,0,0,0,0
19,17,4,1,0,0,0,0,0,0,0
19,68,1,1,0,0,0,0,0,0,0
19,106,1,1,0,0,0,0,0,0,0
19,20,5,1,0,0,0,0,0,0,0
19,70,1,1,0,0,0,0,0,0,0
19,73,1,1,0,0,0,0,0,0,0
19,61,0,1,0,0,0,0,0,0,0
19,54,1,1,0,0,0,0,0,0,0
19,113,1,1,0,0,0,0,0,0,0
19,56,1,1,0,0,0,0,0,0,0
19,139,2,1,0,0,0,0,0,0,0
19,131,1,1,0,0,0,0,0,0,0
19,77,1,0,0,0,0,0,0,0,0
19,55,1,0,0,0,0,0,0,0,0
19,116,1,0,0,0,0,0,0,0,0
19,49,5,0,0,0,0,0,0,0,0
19,15,4,0,0,0,0,0,0,0,0
19,119,1,0,0,0,0,0,0,0,0
19,31,2,0,0,0,0,0,0,0,0
19,108,2,0,0,0,0,0,0,0,0
19,46,5,0,0,0,0,0,0,0,0
19,80,1,0,0,0,0,0,0,0,0
19,41,5,0,0,0,0,0,0,0,0
19,11,5,0,0,0,0,0,0,0,0
19,126,1,0,0,0,0,0,0,0,0
19,34,1,0,0,0,0,0,0,0,0
19,122,1,0,0,0,0,0,0,0,0
19,66,5,0,0,0,0,0,0,0,0
19,72,1,0,0,0,0,0,0,0,0
19,9,4,0,0,0,0,0,0,0,0
19,17,5,0,0,0,0,0,0,0,0
19,54,1,0,0,0,0,0,0,0,0
19,85,3,0,0,0,0,0,0,0,0
19,43,5,0,0,0,0,0,0,0,0
19,115,1,0,0,0,0,0,0,0,0
19,102,1,0,0,0,0,0,0,0,0
19,59,1,0,0,0,0,0,0,0,0
19,98,2,0,0,0,0,0,0,0,0
19,120,2,0,0,0,0,0,0,0,0
19,134,1,0,0,0,0,0,0,0,0
19,4,5,0,0,0,0,0,0,0,0
19,26,5,0,0,0,0,0,0,0,0
19,35,1,0,0,0,0,0,0,0,0
19,12,5,0,0,0,0,0,0,0,0
19,113,2,0,0,0,0,0,0,0,0
19,73,1,0,0,0,0,0,0,0,0
19,23,1,0,0,0,0,0,0,0,0
19,65,2,0,0,0,0,0,0,0,0
19,51,1,0,0,0,0,0,0,0,0
19,130,1,0,0,0,0,0,0,0,0
19,135,1,0,0,0,0,0,0,0,0
19,84,3,0,0,0,0,0,0,0,0
19,69,1,0,0,0,0,0,0,0,0
19,36,5,0,0,0,0,0,0,0,0
19,82,1,0,0,0,0,0,0,0,0
19,62,4,0,0,0,0,0,0,0,0
19,99,4,0,0,0,0,0,0,0,0
19,101,3,0,0,0,0,0,0,0,0
19,118,1,0,0,0,0,0,0,0,0
19,131,1,0,0,0,0,0,0,0,0
19,137,3,0,0,0,0,0,0,0,0
19,58,3,0,0,0,0,0,0,0,0
19,94,1,0,0,0,0,0,0,0,0
19,70,1,0,0,0,0,0,0,0,0
19,91,1,0,0,0,0,0,0,0,0
19,27,5,0,0,0,0,0,0,0,0
19,33,5,0,0,0,0,0,0,0,0
19,56,1,0,0,0,0,0,0,0,0
19,86,1,0,0,0,0,0,0,0,0
19,136,2,0,0,0,0,0,0,0,0
19,63,1,0,0,0,0,0,0,0,0
19,133,1,0,0,0,0,0,0,0,0
19,123,2,0,0,0,0,0,0,0,0
19,78,1,0,0,0,0,0,0,0,0
19,19,4,0,0,0,0,0,0,0,0
19,2,5,0,0,0,0,0,0,0,0
19,52,0,0,0,0,0,0,0,0,0
19,97,3,0,0,0,0,0,0,0,0
19,7,5,0,0,0,0,0,0,0,0
19,81,1,0,0,0,0,0,0,0,0
19,67,1,0,0,0,0,0,0,0,0
19,30,5,0,0,0,0,0,0,0,0
19,40,2,0,0,0,0,0,0,0,0
19,45,4,0,0,0,0,0,0,0,0
19,28,5,0,0,0,0,0,0,0,0
19,95,1,0,0,0,0,0,0,0,0
19,132,3,0,0,0,0,0,0,0,0
19,90,1,0,0,0,0,0,0,0,0
19,100,1,0,0,0,0,0,0,0,0
19,104,2,0,0,0,0,0,0,0,0
19,109,1,0,0,0,0,0,0,0,0
19,39,1,0,0,0,0,0,0,0,0
19,124,3,0,0,0,0,0,0,0,0
19,32,2,0,0,0,0,0,0,0,0
19,50,5,0,0,0,0,0,0,0,0
19,129,1,0,0,0,0,0,0,0,0
19,88,1,0,0,0,0,0,0,0,0
19,44,4,0,0,0,0,0,0,0,0
19,10,5,0,0,0,0,0,0,0,0
19,105,1,0,0,0,0,0,0,0,0
19,79,2,0,0,0,0,0,0,0,0
19,96,3,0,0,0,0,0,0,0,0
19,71,1,0,0,0,0,0,0,0,0
19,64,1,0,0,0,0,0,0,0,0
19,1,5,0,0,0,0,0,0,0,0
19,57,1,0,0,0,0,0,0,0,0
19,42,5,0,0,0,0,0,0,0,0
19,110,2,0,0,0,0,0,0,0,0
19,128,2,0,0,0,0,0,0,0,0
19,5,5,0,0,0,0,0,0,0,0
19,138,1,0,0,0,0,0,0,0,0
19,92,2,0,0,0,0,0,0,0,0
19,93,2,0,0,0,0,0,0,0,0
19,20,5,0,0,0,0,0,0,0,0
19,107,4,0,0,0,0,0,0,0,0
19,87,1,0,0,0,0,0,0,0,0
19,48,5,0,0,0,0,0,0,0,0
19,139,1,0,0,0,0,0,0,0,0
19,16,5,0,0,0,0,0,0,0,0
19,121,1,0,0,0,0,0,0,0,0
19,74,1,0,0,0,0,0,0,0,0
19,22,1,0,0,0,0,0,0,0,0
19,3,4,0,0,0,0,0,0,0,0
19,53,1,0,0,0,0,0,0,0,0
19,18,5,0,0,0,0,0,0,0,0
19,8,5,0,0,0,0,0,0,0,0
19,114,2,0,0,0,0,0,0,0,0
19,106,1,0,0,0,0,0,0,0,0
19,117,1,0,0,0,0,0,0,0,0
19,61,1,0,0,0,0,0,0,0,0
19,29,5,0,0,0,0,0,0,0,0
19,125,3,0,0,0,0,0,0,0,0
19,21,1,0,0,0,0,0,0,0,0
19,112,1,0,0,0,0,0,0,0,0
19,37,1,0,0,0,0,0,0,0,0
19,6,5,0,0,0,0,0,0,0,0
19,75,2,0,0,0,0,0,0,0,0
19,38,1,0,0,0,0,0,0,0,0
19,14,5,0,0,0,0,0,0,0,0
19,60,1,0,0,0,0,0,0,0,0
19,25,2,0,0,0,0,0,0,0,0
19,127,1,0,0,0,0,0,0,0,0
19,89,4,0,0,0,0,0,0,0,0
19,83,2,0,0,0,0,0,0,0,0
19,47,5,0,0,0,0,0,0,0,0
19,103,2,0,0,0,0,0,0,0,0
19,76,1,0,0,0,0,0,0,0,0
19,111,2,0,0,0,0,0,0,0,0
19,13,5,0,0,0,0,0,0,0,0
19,24,2,0,0,0,0,0,0,0,0
19,26,5,0,0,0,0,0,0,0,0
19,2,5,0,0,0,0,0,0,0,0
19,84,3,0,0,0,0,0,0,0,0
19,46,5,0,0,0,0,0,0,0,0
19,106,2,0,0,0,0,0,0,0,0
19,20,5,0,0,0,0,0,0,0,0
19,17,3,0,0,0,0,0,0,0,0
19,137,4,0,0,0,0,0,0,0,0
19,116,1,0,0,0,0,0,0,0,0
19,17,5,0,0,0,0,0,0,0,0
19,29,5,0,0,0,0,0,0,0,0
19,100,1,0,0,0,0,0,0,0,0
19,68,1,0,0,0,0,0,0,0,0
19,99,1,0,0,0,0,0,0,0,0
19,70,0,0,0,0,0,0,0,0,0
19,24,1,0,0,0,0,0,0,0,0
19,5,5,0,0,0,0,0,0,0,0
19,106,1,0,0,0,0,0,0,0,0
19,132,1,0,0,0,0,0,0,0,0
19,123,1,0,0,0,0,0,0,0,0
19,87,1,0,0,0,0,0,0,0,0
19,11,5,0,0,0,0,0,0,0,0
19,73,1,0,0,0,0,0,0,0,0
19,111,2,0,0,0,0,0,0,0,0
19,12,5,0,0,0,0,0,0,0,0
19,115,1,0,0,0,0,0,0,0,0
19,31,1,0,0,0,0,0,0,0,0
19,81,1,0,0,0,0,0,0,0,0
19,38,1,0,0,0,0,0,0,0,0
19,12,5,0,0,0,0,0,0,0,0
19,44,4,0,0,0,0,0,0,0,0
19,105,1,0,0,0,0,0,0,0,0
19,35,3,0,0,0,0,0,0,0,0
19,29,5,0,0,0,0,0,0,0,0
19,13,5,0,0,0,0,0,0,0,0
19,61,1,0,0,0,0,0,0,0,0
19,7,5,0,0,0,0,0,0,0,0
19,104,1,0,0,0,0,0,0,0,0
19,8,5,0,0,0,0,0,0,0,0
19,132,1,0,0,0,0,0,0,0,0
19,102,1,0,0,0,0,0,0,0,0
19,109,1,0,0,0,0,0,0,0,0
19,96,3,0,0,0,0,0,0,0,0
19,113,2,0,0,0,0,0,0,0,0
19,133,1,0,0,0,0,0,0,0,0
19,138,1,0,0,0,0,0,0,0,0
19,122,1,0,0,0,0,0,0,0,0
19,82,1,0,0,0,0,0,0,0,0
19,67,1,0,0,0,0,0,0,0,0
19,40,2,0,0,0,0,0,0,0,0
19,47,5,0,0,0,0,0,0,0,0
19,131,1,0,0,0,0,0,0,0,0
19,99,1,0,0,0,0,0,0,0,0
19,96,2,0,0,0,0,0,0,0,0
19,3,5,0,0,0,0,0,0,0,0
19,99,1,0,0,0,0,0,0,0,0
19,21,2,0,0,0,0,0,0,0,0
19,126,1,0,0,0,0,0,0,0,0
19,3,5,0,0,0,0,0,0,0,0
19,95,1,0,0,0,0,0,0,0,0
19,113,1,0,0,0,0,0,0,0,0
19,36,5,0,0,0,0,0,0,0,0
19,54,1,0,0,0,0,0,0,0,0
19,99,4,0,0,0,0,0,0,0,0
19,62,1,0,0,0,0,0,0,0,0
19,130,1,0,0,0,0,0,0,0,0
19,56,1,0,0,0,0,0,0,0,0
19,24,1,0,0,0,0,0,0,0,0
19,18,3,0,0,0,0,0,0,0,0
19,139,3,0,0,0,0,0,0,0,0
20,79,1,0,0,0,0,0,0,0,4
20,110,5,0,0,0,0,0,0,0,4
20,110,5,0,0,0,0,0,0,0,2
20,72,0,0,0,0,0,0,0,0,2
20,95,5,0,0,0,0,0,0,0,2
20,114,3,0,0,0,0,0,0,0,2
20,61,1,0,0,0,0,0,0,0,1
20,26,0,0,0,0,0,0,0,0,1
20,128,0,0,0,0,0,0,0,0,1
20,14,0,0,0,0,0,0,0,3,0
20,69,0,0,0,0,0,0,0,2,0
20,14,0,0,0,0,0,0,0,2,0
20,94,1,0,0,0,0,0,0,1,0
20,69,0,0,0,0,0,0,0,1,0
20,95,5,0,0,0,0,0,0,1,0
20,126,1,0,0,0,0,0,0,1,0
20,77,1,0,0,0,0,0,0,1,0
20,34,1,0,0,0,0,0,2,0,0
20,131,2,0,0,0,0,0,2,0,0
20,99,1,0,0,0,0,0,2,0,0
20,126,1,0,0,0,0,0,2,0,0
20,38,3,0,0,0,0,3,0,0,0
20,77,1,0,0,0,0,3,0,0,0
20,61,2,0,0,0,0,2,0,0,0
20,26,0,0,0,0,0,2,0,0,0
20,115,2,0,0,0,0,2,0,0,0
20,34,1,0,0,0,0,1,0,0,0
20,91,5,0,0,0,0,1,0,0,0
20,131,3,0,0,0,4,0,0,0,0
20,110,5,0,0,0,4,0,0,0,0
20,94,1,0,0,0,4,0,0,0,0
20,102,4,0,0,0,4,0,0,0,0
20,128,0,0,0,0,4,0,0,0,0
20,6,5,0,0,0,3,0,0,0,0
20,115,5,0,0,0,3,0,0,0,0
20,14,0,0,0,0,3,0,0,0,0
20,6,1,0,0,0,2,0,0,0,0
20,99,1,0,0,0,2,0,0,0,0
20,6,2,0,0,4,0,0,0,0,0
20,95,5,0,0,4,0,0,0,0,0
20,26,0,0,0,4,0,0,0,0,0
20,124,1,0,0,3,0,0,0,0,0
20,49,1,0,0,3,0,0,0,0,0
20,131,1,0,0,2,0,0,0,0,0
20,102,0,0,0,2,0,0,0,0,0
20,69,0,0,0,2,0,0,0,0,0
20,77,1,0,0,2,0,0,0,0,0
20,79,1,0,0,1,0,0,0,0,0
20,124,1,0,0,1,0,0,0,0,0
20,38,4,0,0,1,0,0,0,0,0
20,124,1,0,4,0,0,0,0,0,0
20,102,4,0,4,0,0,0,0,0,0
20,72,0,0,4,0,0,0,0,0,0
20,34,1,0,3,0,0,0,0,0,0
20,91,3,0,3,0,0,0,0,0,0
20,116,0,0,3,0,0,0,0,0,0
20,49,1,0,2,0,0,0,0,0,0
20,61,2,0,2,0,0,0,0,0,0
20,99,1,0,2,0,0,0,0,0,0
20,72,0,0,2,0,0,0,0,0,0
20,115,3,0,2,0,0,0,0,0,0
20,114,2,0,2,0,0,0,0,0,0
20,116,0,0,2,0,0,0,0,0,0
20,109,0,0,2,0,0,0,0,0,0
20,79,1,0,1,0,0,0,0,0,0
20,114,3,0,1,0,0,0,0,0,0
20,128,0,0,1,0,0,0,0,0,0
20,49,1,2,0,0,0,0,0,0,0
20,126,1,2,0,0,0,0,0,0,0
20,91,5,2,0,0,0,0,0,0,0
20,109,0,2,0,0,0,0,0,0,0
20,94,1,1,0,0,0,0,0,0,0
20,38,0,1,0,0,0,0,0,0,0
20,109,0,1,0,0,0,0,0,0,0
20,79,1,0,0,0,0,0,0,0,0
20,6,3,0,0,0,0,0,0,0,0
20,34,2,0,0,0,0,0,0,0,0
20,131,2,0,0,0,0,0,0,0,0
20,110,5,0,0,0,0,0,0,0,0
20,124,1,0,0,0,0,0,0,0,0
20,49,2,0,0,0,0,0,0,0,0
20,61,3,0,0,0,0,0,0,0,0
20,94,1,0,0,0,0,0,0,0,0
20,102,2,0,0,0,0,0,0,0,0
20,99,1,0,0,0,0,0,0,0,0
20,38,3,0,0,0,0,0,0,0,0
20,72,0,0,0,0,0,0,0,0,0
20,69,0,0,0,0,0,0,0,0,0
20,95,5,0,0,0,0,0,0,0,0
20,26,1,0,0,0,0,0,0,0,0
20,126,1,0,0,0,0,0,0,0,0
20,91,5,0,0,0,0,0,0,0,0
20,115,2,0,0,0,0,0,0,0,0
20,114,1,0,0,0,0,0,0,0,0
20,77,1,0,0,0,0,0,0,0,0
20,128,0,0,0,0,0,0,0,0,0
20,109,0,0,0,0,0,0,0,0,0
20,14,0,0,0,0,0,0,0,0,0
20,116,0,0,0,0,0,0,0,0,0
21,2,3,0,0,0,0,0,0,0,4
21,60,2,0,0,0,0,0,0,0,4
21,129,1,0,0,0,0,0,0,0,3
21,134,0,0,0,0,0,0,0,0,2
21,47,2,0,0,0,0,0,0,0,1
21,85,0,0,0,0,0,0,0,3,0
21,118,4,0,0,0,0,0,0,3,0
21,78,1,0,0,0,0,0,0,3,0
21,2,1,0,0,0,0,0,0,2,0
21,118,4,0,0,0,0,0,0,2,0
21,110,0,0,0,0,0,0,0,1,0
21,47,5,0,0,0,0,0,0,1,0
21,85,0,0,0,0,0,0,2,0,0
21,78,1,0,0,0,0,0,2,0,0
21,129,2,0,0,0,3,0,0,0,0
21,134,0,0,0,0,1,0,0,0,0
21,78,3,0,0,0,1,0,0,0,0
21,2,3,0,0,4,0,0,0,0,0
21,110,0,0,0,4,0,0,0,0,0
21,47,2,0,0,4,0,0,0,0,0
21,120,3,0,0,2,0,0,0,0,0
21,110,0,0,0,1,0,0,0,0,0
21,134,0,0,0,1,0,0,0,0,0
21,129,2,0,3,0,0,0,0,0,0
21,85,0,0,3,0,0,0,0,0,0
21,60,4,0,2,0,0,0,0,0,0
21,120,4,2,0,0,0,0,0,0,0
21,118,4,2,0,0,0,0,0,0,0
21,60,4,1,0,0,0,0,0,0,0
21,120,1,1,0,0,0,0,0,0,0
21,129,4,0,0,0,0,0,0,0,0
21,2,2,0,0,0,0,0,0,0,0
21,110,0,0,0,0,0,0,0,0,0
21,60,3,0,0,0,0,0,0,0,0
21,134,3,0,0,0,0,0,0,0,0
21,120,2,0,0,0,0,0,0,0,0
21,85,0,0,0,0,0,0,0,0,0
21,118,2,0,0,0,0,0,0,0,0
21,78,3,0,0,0,0,0,0,0,0
22,7,4,0,0,0,0,0,0,0,4
22,87,3,0,0,0,0,0,0,0,3
22,17,3,0,0,0,0,0,0,0,3
22,55,1,0,0,0,0,0,0,0,2
22,9,3,0,0,0,0,0,0,0,1
22,7,3,0,0,0,0,0,0,2,0
22,26,3,0,0,0,0,0,0,2,0
22,9,3,0,0,0,0,0,0,2,0
22,17,3,0,0,0,0,0,0,1,0
22,26,3,0,0,0,0,0,1,0,0
22,65,4,0,0,0,0,1,0,0,0
22,116,1,0,0,0,0,1,0,0,0
22,55,1,0,0,0,0,1,0,0,0
22,34,4,0,0,0,0,1,0,0,0
22,65,2,0,0,0,4,0,0,0,0
22,116,1,0,0,0,4,0,0,0,0
22,26,3,0,0,0,2,0,0,0,0
22,116,1,0,0,0,2,0,0,0,0
22,114,1,0,0,4,0,0,0,0,0
22,34,3,0,0,4,0,0,0,0,0
22,65,4,0,0,2,0,0,0,0,0
22,114,1,0,0,2,0,0,0,0,0
22,9,1,0,0,1,0,0,0,0,0
22,114,1,0,3,0,0,0,0,0,0
22,34,4,0,3,0,0,0,0,0,0
22,7,4,0,1,0,0,0,0,0,0
22,87,3,0,1,0,0,0,0,0,0
22,55,1,0,1,0,0,0,0,0,0
22,87,4,2,0,0,0,0,0,0,0
22,17,2,2,0,0,0,0,0,0,0
22,87,1,0,0,0,0,0,0,0,0
22,26,4,0,0,0,0,0,0,0,0
22,9,4,0,0,0,0,0,0,0,0
22,7,2,0,0,0,0,0,0,0,0
22,65,3,0,0,0,0,0,0,0,0
22,114,1,0,0,0,0,0,0,0,0
22,17,3,0,0,0,0,0,0,0,0
22,55,1,0,0,0,0,0,0,0,0
22,34,5,0,0,0,0,0,0,0,0
23,3,1,0,0,0,0,0,0,0,4
23,48,1,0,0,0,0,0,0,0,4
23,123,3,0,0,0,0,0,0,0,4
23,33,0,0,0,0,0,0,0,0,4
23,45,1,0,0,0,0,0,0,0,4
23,70,4,0,0,0,0,0,0,0,4
23,6,4,0,0,0,0,0,0,0,3
23,43,1,0,0,0,0,0,0,0,3
23,35,0,0,0,0,0,0,0,0,3
23,44,3,0,0,0,0,0,0,0,3
23,70,4,0,0,0,0,0,0,0,3
23,123,5,0,0,0,0,0,0,0,2
23,44,4,0,0,0,0,0,0,0,2
23,114,5,0,0,0,0,0,0,0,2
23,16,5,0,0,0,0,0,0,0,2
23,48,4,0,0,0,0,0,0,0,1
23,105,1,0,0,0,0,0,0,0,1
23,138,2,0,0,0,0,0,0,3,0
23,53,2,0,0,0,0,0,0,3,0
23,114,2,0,0,0,0,0,0,3,0
23,4,5,0,0,0,0,0,0,3,0
23,57,2,0,0,0,0,0,0,3,0
23,128,2,0,0,0,0,0,0,3,0
23,111,5,0,0,0,0,0,0,2,0
23,69,4,0,0,0,0,0,0,2,0
23,43,1,0,0,0,0,0,0,2,0
23,127,3,0,0,0,0,0,0,2,0
23,3,1,0,0,0,0,0,0,2,0
23,61,2,0,0,0,0,0,0,2,0
23,102,4,0,0,0,0,0,0,2,0
23,73,4,0,0,0,0,0,0,2,0
23,109,3,0,0,0,0,0,0,2,0
23,25,2,0,0,0,0,0,0,1,0
23,3,3,0,0,0,0,0,0,1,0
23,6,1,0,0,0,0,0,0,1,0
23,68,0,0,0,0,0,0,0,1,0
23,59,5,0,0,0,0,0,0,1,0
23,107,1,0,0,0,0,0,0,1,0
23,5,4,0,0,0,0,0,2,0,0
23,25,1,0,0,0,0,0,2,0,0
23,68,0,0,0,0,0,0,2,0,0
23,48,5,0,0,0,0,0,1,0,0
23,68,0,0,0,0,0,0,1,0,0
23,128,4,0,0,0,0,0,1,0,0
23,16,2,0,0,0,0,3,0,0,0
23,131,2,0,0,0,0,3,0,0,0
23,90,5,0,0,0,0,3,0,0,0
23,31,5,0,0,0,0,2,0,0,0
23,127,5,0,0,0,0,2,0,0,0
23,35,0,0,0,0,0,2,0,0,0
23,57,4,0,0,0,0,2,0,0,0
23,45,1,0,0,0,0,2,0,0,0
23,80,3,0,0,0,0,1,0,0,0
23,99,0,0,0,0,0,1,0,0,0
23,44,1,0,0,0,0,1,0,0,0
23,43,3,0,0,0,4,0,0,0,0
23,15,1,0,0,0,4,0,0,0,0
23,45,5,0,0,0,4,0,0,0,0
23,109,1,0,0,0,3,0,0,0,0
23,125,0,0,0,0,3,0,0,0,0
23,4,1,0,0,0,3,0,0,0,0
23,128,4,0,0,0,3,0,0,0,0
23,15,5,0,0,0,3,0,0,0,0
23,31,4,0,0,0,2,0,0,0,0
23,73,5,0,0,0,2,0,0,0,0
23,99,0,0,0,0,2,0,0,0,0
23,70,3,0,0,0,2,0,0,0,0
23,16,3,0,0,0,2,0,0,0,0
23,53,4,0,0,0,1,0,0,0,0
23,69,5,0,0,0,1,0,0,0,0
23,120,1,0,0,4,0,0,0,0,0
23,123,1,0,0,4,0,0,0,0,0
23,111,5,0,0,4,0,0,0,0,0
23,5,3,0,0,3,0,0,0,0,0
23,53,1,0,0,3,0,0,0,0,0
23,125,0,0,0,3,0,0,0,0,0
23,76,5,0,0,2,0,0,0,0,0
23,120,4,0,0,2,0,0,0,0,0
23,73,5,0,0,2,0,0,0,0,0
23,33,0,0,0,2,0,0,0,0,0
23,90,5,0,0,2,0,0,0,0,0
23,107,1,0,0,2,0,0,0,0,0
23,27,1,0,0,2,0,0,0,0,0
23,15,5,0,0,2,0,0,0,0,0
23,105,5,0,0,2,0,0,0,0,0
23,138,5,0,0,1,0,0,0,0,0
23,120,4,0,0,1,0,0,0,0,0
23,27,1,0,0,1,0,0,0,0,0
23,127,2,0,4,0,0,0,0,0,0
23,102,2,0,4,0,0,0,0,0,0
23,57,2,0,4,0,0,0,0,0,0
23,61,3,0,3,0,0,0,0,0,0
23,5,2,0,3,0,0,0,0,0,0
23,31,2,0,3,0,0,0,0,0,0
23,6,1,0,3,0,0,0,0,0,0
23,107,5,0,3,0,0,0,0,0,0
23,4,5,0,3,0,0,0,0,0,0
23,138,2,0,2,0,0,0,0,0,0
23,76,2,0,2,0,0,0,0,0,0
23,35,0,0,2,0,0,0,0,0,0
23,33,0,0,2,0,0,0,0,0,0
23,131,2,0,2,0,0,0,0,0,0
23,111,5,0,1,0,0,0,0,0,0
23,69,4,0,1,0,0,0,0,0,0
23,76,5,0,1,0,0,0,0,0,0
23,59,4,0,1,0,0,0,0,0,0
23,80,5,2,0,0,0,0,0,0,0
23,25,4,2,0,0,0,0,0,0,0
23,61,4,2,0,0,0,0,0,0,0
23,109,5,2,0,0,0,0,0,0,0
23,125,0,2,0,0,0,0,0,0,0
23,105,5,2,0,0,0,0,0,0,0
23,59,5,2,0,0,0,0,0,0,0
23,131,4,2,0,0,0,0,0,0,0
23,80,2,1,0,0,0,0,0,0,0
23,99,0,1,0,0,0,0,0,0,0
23,27,5,1,0,0,0,0,0,0,0
23,90,1,1,0,0,0,0,0,0,0
23,114,2,1,0,0,0,0,0,0,0
23,80,5,0,0,0,0,0,0,0,0
23,3,1,0,0,0,0,0,0,0,0
23,31,4,0,0,0,0,0,0,0,0
23,53,5,0,0,0,0,0,0,0,0
23,127,5,0,0,0,0,0,0,0,0
23,120,4,0,0,0,0,0,0,0,0
23,6,1,0,0,0,0,0,0,0,0
23,111,5,0,0,0,0,0,0,0,0
23,25,3,0,0,0,0,0,0,0,0
23,43,1,0,0,0,0,0,0,0,0
23,76,5,0,0,0,0,0,0,0,0
23,69,5,0,0,0,0,0,0,0,0
23,5,2,0,0,0,0,0,0,0,0
23,102,4,0,0,0,0,0,0,0,0
23,73,4,0,0,0,0,0,0,0,0
23,48,4,0,0,0,0,0,0,0,0
23,123,4,0,0,0,0,0,0,0,0
23,109,5,0,0,0,0,0,0,0,0
23,138,3,0,0,0,0,0,0,0,0
23,61,5,0,0,0,0,0,0,0,0
23,99,0,0,0,0,0,0,0,0,0
23,125,0,0,0,0,0,0,0,0,0
23,33,0,0,0,0,0,0,0,0,0
23,35,0,0,0,0,0,0,0,0,0
23,68,0,0,0,0,0,0,0,0,0
23,44,1,0,0,0,0,0,0,0,0
23,27,1,0,0,0,0,0,0,0,0
23,131,3,0,0,0,0,0,0,0,0
23,128,4,0,0,0,0,0,0,0,0
23,70,2,0,0,0,0,0,0,0,0
23,45,5,0,0,0,0,0,0,0,0
23,105,5,0,0,0,0,0,0,0,0
23,114,5,0,0,0,0,0,0,0,0
23,107,3,0,0,0,0,0,0,0,0
23,90,5,0,0,0,0,0,0,0,0
23,16,5,0,0,0,0,0,0,0,0
23,15,3,0,0,0,0,0,0,0,0
23,59,4,0,0,0,0,0,0,0,0
23,57,4,0,0,0,0,0,0,0,0
23,4,1,0,0,0,0,0,0,0,0
24,63,3,0,0,0,0,0,0,0,3
24,121,4,0,0,0,0,0,0,0,2
24,81,3,0,0,0,0,0,0,0,2
24,65,1,0,0,0,0,0,0,0,1
24,84,3,0,0,0,0,0,0,0,1
24,12,2,0,0,0,0,0,0,0,1
24,82,1,0,0,0,0,0,0,1,0
24,122,1,0,0,0,0,0,2,0,0
24,12,3,0,0,0,0,0,1,0,0
24,63,5,0,0,0,0,3,0,0,0
24,36,3,0,0,0,0,3,0,0,0
24,94,4,0,0,0,4,0,0,0,0
24,81,5,0,0,0,4,0,0,0,0
24,121,4,0,0,0,3,0,0,0,0
24,63,3,0,0,0,3,0,0,0,0
24,65,1,0,0,0,2,0,0,0,0
24,82,2,0,0,0,2,0,0,0,0
24,121,5,0,0,0,1,0,0,0,0
24,122,1,0,0,3,0,0,0,0,0
24,81,4,0,0,2,0,0,0,0,0
24,84,4,0,0,2,0,0,0,0,0
24,84,3,0,0,1,0,0,0,0,0
24,94,3,0,4,0,0,0,0,0,0
24,82,1,0,3,0,0,0,0,0,0
24,36,4,0,3,0,0,0,0,0,0
24,12,4,0,3,0,0,0,0,0,0
24,65,3,2,0,0,0,0,0,0,0
24,94,2,2,0,0,0,0,0,0,0
24,122,2,2,0,0,0,0,0,0,0
24,36,5,1,0,0,0,0,0,0,0
24,63,5,0,0,0,0,0,0,0,0
24,94,5,0,0,0,0,0,0,0,0
24,12,3,0,0,0,0,0,0,0,0
24,122,3,0,0,0,0,0,0,0,0
24,82,3,0,0,0,0,0,0,0,0
24,36,4,0,0,0,0,0,0,0,0
24,121,5,0,0,0,0,0,0,0,0
24,81,4,0,0,0,0,0,0,0,0
24,84,4,0,0,0,0,0,0,0,0
25,4,4,0,0,0,0,0,0,2,0
25,6,3,0,0,0,0,0,0,2,0
25,4,2,0,0,0,0,0,2,0,0
25,44,3,0,0,0,0,3,0,0,0
25,37,4,0,0,0,0,1,0,0,0
25,44,5,0,0,0,4,0,0,0,0
25,6,4,0,0,0,1,0,0,0,0
25,6,4,0,0,3,0,0,0,0,0
25,37,4,0,0,1,0,0,0,0,0
25,4,5,0,1,0,0,0,0,0,0
25,44,4,0,1,0,0,0,0,0,0
25,4,4,0,0,0,0,0,0,0,0
25,6,3,0,0,0,0,0,0,0,0
25,44,4,0,0,0,0,0,0,0,0
25,37,3,0,0,0,0,0,0,0,0
26,80,1,0,0,0,0,0,0,0,4
26,126,1,0,0,0,0,0,0,0,4
26,63,5,0,0,0,0,0,0,0,3
26,107,1,0,0,0,0,0,0,0,3
26,138,4,0,0,0,0,0,0,0,3
26,35,3,0,0,0,0,0,0,0,3
26,69,4,0,0,0,0,0,0,0,1
26,69,2,0,0,0,0,0,0,3,0
26,76,3,0,0,0,0,0,0,3,0
26,73,1,0,0,0,0,0,0,3,0
26,39,4,0,0,0,0,0,0,3,0
26,107,1,0,0,0,0,0,0,2,0
26,126,1,0,0,0,0,0,0,1,0
26,35,5,0,0,0,0,0,2,0,0
26,126,1,0,0,0,0,0,2,0,0
26,80,1,0,0,0,0,3,0,0,0
26,47,3,0,0,0,0,3,0,0,0
26,139,5,0,0,0,0,3,0,0,0
26,75,3,0,0,0,0,2,0,0,0
26,138,3,0,0,0,0,2,0,0,0
26,137,1,0,0,0,0,2,0,0,0
26,108,1,0,0,0,0,2,0,0,0
26,39,5,0,0,0,0,2,0,0,0
26,29,1,0,0,0,0,2,0,0,0
26,139,5,0,0,0,0,1,0,0,0
26,76,3,0,0,0,0,1,0,0,0
26,75,3,0,0,0,4,0,0,0,0
26,47,3,0,0,0,4,0,0,0,0
26,73,1,0,0,0,2,0,0,0,0
26,107,1,0,0,0,2,0,0,0,0
26,124,5,0,0,0,1,0,0,0,0
26,69,3,0,0,0,1,0,0,0,0
26,63,5,0,0,4,0,0,0,0,0
26,35,5,0,0,4,0,0,0,0,0
26,138,4,0,0,3,0,0,0,0,0
26,73,1,0,0,2,0,0,0,0,0
26,28,1,0,0,1,0,0,0,0,0
26,80,1,0,0,1,0,0,0,0,0
26,43,1,0,4,0,0,0,0,0,0
26,19,5,0,4,0,0,0,0,0,0
26,63,5,0,4,0,0,0,0,0,0
26,124,5,0,3,0,0,0,0,0,0
26,29,1,0,3,0,0,0,0,0,0
26,19,3,0,2,0,0,0,0,0,0
26,108,1,0,2,0,0,0,0,0,0
26,28,1,0,2,0,0,0,0,0,0
26,139,5,0,1,0,0,0,0,0,0
26,75,3,0,1,0,0,0,0,0,0
26,28,1,2,0,0,0,0,0,0,0
26,137,1,2,0,0,0,0,0,0,0
26,43,1,2,0,0,0,0,0,0,0
26,19,4,2,0,0,0,0,0,0,0
26,43,5,1,0,0,0,0,0,0,0
26,29,1,1,0,0,0,0,0,0,0
26,39,2,1,0,0,0,0,0,0,0
26,76,4,1,0,0,0,0,0,0,0
26,137,1,1,0,0,0,0,0,0,0
26,108,1,1,0,0,0,0,0,0,0
26,47,3,1,0,0,0,0,0,0,0
26,76,5,0,0,0,0,0,0,0,0
26,28,1,0,0,0,0,0,0,0,0
26,47,3,0,0,0,0,0,0,0,0
26,107,1,0,0,0,0,0,0,0,0
26,43,3,0,0,0,0,0,0,0,0
26,124,5,0,0,0,0,0,0,0,0
26,80,1,0,0,0,0,0,0,0,0
26,126,1,0,0,0,0,0,0,0,0
26,69,3,0,0,0,0,0,0,0,0
26,29,1,0,0,0,0,0,0,0,0
26,35,5,0,0,0,0,0,0,0,0
26,39,3,0,0,0,0,0,0,0,0
26,75,3,0,0,0,0,0,0,0,0
26,63,5,0,0,0,0,0,0,0,0
26,73,1,0,0,0,0,0,0,0,0
26,139,5,0,0,0,0,0,0,0,0
26,137,1,0,0,0,0,0,0,0,0
26,108,1,0,0,0,0,0,0,0,0
26,19,5,0,0,0,0,0,0,0,0
26,138,1,0,0,0,0,0,0,0,0
27,11,4,0,0,0,0,0,0,0,4
27,99,3,0,0,0,0,0,0,0,4
27,80,3,0,0,0,0,0,0,0,4
27,123,2,0,0,0,0,0,0,0,3
27,87,1,0,0,0,0,0,0,0,2
27,13,3,0,0,0,0,0,0,3,0
27,80,5,0,0,0,0,0,0,1,0
27,89,1,0,0,0,0,3,0,0,0
27,87,2,0,0,0,0,2,0,0,0
27,99,1,0,0,0,0,2,0,0,0
27,123,4,0,0,0,0,1,0,0,0
27,75,2,0,0,0,0,1,0,0,0
27,13,1,0,0,0,0,1,0,0,0
27,105,0,0,0,0,4,0,0,0,0
27,75,5,0,0,0,4,0,0,0,0
27,58,1,0,0,0,3,0,0,0,0
27,11,3,0,0,0,1,0,0,0,0
27,13,3,0,0,0,1,0,0,0,0
27,123,3,0,0,0,1,0,0,0,0
27,105,0,0,0,4,0,0,0,0,0
27,99,3,0,0,4,0,0,0,0,0
27,80,4,0,0,4,0,0,0,0,0
27,87,1,0,0,3,0,0,0,0,0
27,75,4,0,0,3,0,0,0,0,0
27,89,5,0,0,2,0,0,0,0,0
27,105,0,0,4,0,0,0,0,0,0
27,58,1,0,3,0,0,0,0,0,0
27,58,4,0,1,0,0,0,0,0,0
27,89,5,0,1,0,0,0,0,0,0
27,11,1,1,0,0,0,0,0,0,0
27,105,0,0,0,0,0,0,0,0,0
27,11,2,0,0,0,0,0,0,0,0
27,75,2,0,0,0,0,0,0,0,0
27,89,3,0,0,0,0,0,0,0,0
27,13,2,0,0,0,0,0,0,0,0
27,80,3,0,0,0,0,0,0,0,0
27,123,4,0,0,0,0,0,0,0,0
27,99,2,0,0,0,0,0,0,0,0
27,87,1,0,0,0,0,0,0,0,0
28,79,1,0,0,0,0,0,0,0,3
28,5,4,0,0,0,0,0,0,2,0
28,115,1,0,0,0,0,1,0,0,0
28,115,1,0,0,0,2,0,0,0,0
28,79,1,0,4,0,0,0,0,0,0
28,5,1,0,4,0,0,0,0,0,0
28,5,1,0,1,0,0,0,0,0,0
28,115,2,2,0,0,0,0,0,0,0
28,5,5,0,0,0,0,0,0,0,0
28,115,2,0,0,0,0,0,0,0,0
28,79,2,0,0,0,0,0,0,0,0
29,67,2,0,0,0,0,0,0,0,3
29,51,4,0,0,0,0,0,0,3,0
29,51,5,0,0,0,0,0,1,0,0
29,67,4,0,0,0,4,0,0,0,0
29,36,1,0,0,0,2,0,0,0,0
29,76,1,0,0,0,2,0,0,0,0
29,122,3,0,0,0,1,0,0,0,0
29,36,5,0,0,1,0,0,0,0,0
29,122,3,0,4,0,0,0,0,0,0
29,36,1,0,3,0,0,0,0,0,0
29,76,4,0,3,0,0,0,0,0,0
29,67,1,0,1,0,0,0,0,0,0
29,122,2,1,0,0,0,0,0,0,0
29,51,4,1,0,0,0,0,0,0,0
29,122,0,0,0,0,0,0,0,0,0
29,36,0,0,0,0,0,0,0,0,0
29,76,0,0,0,0,0,0,0,0,0
29,51,0,0,0,0,0,0,0,0,0
29,67,0,0,0,0,0,0,0,0,0
30,137,3,0,0,0,0,0,0,0,4
30,128,1,0,0,0,0,0,0,0,3
30,26,3,0,0,0,0,0,0,0,1
30,12,2,0,0,0,0,0,1,0,0
30,26,2,0,0,0,0,3,0,0,0
30,64,5,0,0,0,0,3,0,0,0
30,109,3,0,0,0,0,2,0,0,0
30,12,2,0,0,0,0,1,0,0,0
30,130,2,0,0,0,0,1,0,0,0
30,137,5,0,0,0,3,0,0,0,0
30,12,3,0,0,0,3,0,0,0,0
30,113,4,0,0,0,1,0,0,0,0
30,64,4,0,0,3,0,0,0,0,0
30,102,2,0,0,3,0,0,0,0,0
30,128,5,0,0,3,0,0,0,0,0
30,79,3,0,0,2,0,0,0,0,0
30,102,4,0,0,1,0,0,0,0,0
30,130,4,0,0,1,0,0,0,0,0
30,130,3,0,4,0,0,0,0,0,0
30,102,3,0,4,0,0,0,0,0,0
30,109,2,0,4,0,0,0,0,0,0
30,79,4,0,3,0,0,0,0,0,0
30,113,5,0,2,0,0,0,0,0,0
30,79,2,0,2,0,0,0,0,0,0
30,64,4,0,1,0,0,0,0,0,0
30,128,4,2,0,0,0,0,0,0,0
30,26,5,1,0,0,0,0,0,0,0
30,137,4,1,0,0,0,0,0,0,0
30,113,5,1,0,0,0,0,0,0,0
30,102,3,0,0,0,0,0,0,0,0
30,109,2,0,0,0,0,0,0,0,0
30,130,2,0,0,0,0,0,0,0,0
30,79,3,0,0,0,0,0,0,0,0
30,113,5,0,0,0,0,0,0,0,0
30,26,4,0,0,0,0,0,0,0,0
30,12,2,0,0,0,0,0,0,0,0
30,137,4,0,0,0,0,0,0,0,0
30,64,5,0,0,0,0,0,0,0,0
30,128,3,0,0,0,0,0,0,0,0
31,4,3,0,0,0,0,0,0,0,3
31,7,1,0,0,0,0,0,0,3,0
31,4,2,0,0,0,0,0,1,0,0
31,18,4,0,0,0,0,0,1,0,0
31,116,3,0,0,0,0,1,0,0,0
31,18,4,0,0,0,0,1,0,0,0
31,101,3,0,0,0,2,0,0,0,0
31,4,4,0,0,2,0,0,0,0,0
31,18,4,0,0,1,0,0,0,0,0
31,7,1,0,0,1,0,0,0,0,0
31,101,4,0,4,0,0,0,0,0,0
31,7,2,0,2,0,0,0,0,0,0
31,116,3,0,1,0,0,0,0,0,0
31,101,3,2,0,0,0,0,0,0,0
31,116,3,0,0,0,0,0,0,0,0
31,18,4,0,0,0,0,0,0,0,0
31,4,2,0,0,0,0,0,0,0,0
31,7,1,0,0,0,0,0,0,0,0
31,101,4,0,0,0,0,0,0,0,0
32,61,4,0,0,0,0,0,0,0,4
32,119,2,0,0,0,0,0,0,0,2
32,93,0,0,0,0,0,0,0,0,2
32,52,4,0,0,0,0,0,0,0,1
32,101,0,0,0,0,0,0,0,0,1
32,108,1,0,0,0,0,0,0,3,0
32,101,0,0,0,0,0,0,0,3,0
32,93,0,0,0,0,0,0,0,3,0
32,59,2,0,0,0,0,0,0,3,0
32,96,2,0,0,0,0,0,0,2,0
32,104,1,0,0,0,0,0,0,2,0
32,135,2,0,0,0,0,0,0,2,0
32,48,5,0,0,0,0,0,0,1,0
32,135,4,0,0,0,0,0,0,1,0
32,3,0,0,0,0,0,0,2,0,0
32,105,1,0,0,0,0,0,1,0,0
32,117,1,0,0,0,0,0,1,0,0
32,108,1,0,0,0,0,3,0,0,0
32,3,0,0,0,0,0,3,0,0,0
32,48,5,0,0,0,0,2,0,0,0
32,119,4,0,0,0,0,1,0,0,0
32,15,1,0,0,0,3,0,0,0,0
32,96,4,0,0,0,3,0,0,0,0
32,59,2,0,0,0,2,0,0,0,0
32,61,4,0,0,0,2,0,0,0,0
32,119,5,0,0,0,2,0,0,0,0
32,105,1,0,0,0,1,0,0,0,0
32,121,3,0,0,0,1,0,0,0,0
32,5,1,0,0,4,0,0,0,0,0
32,48,3,0,0,4,0,0,0,0,0
32,15,1,0,0,4,0,0,0,0,0
32,92,4,0,0,4,0,0,0,0,0
32,132,2,0,0,3,0,0,0,0,0
32,92,4,0,0,3,0,0,0,0,0
32,104,3,0,0,3,0,0,0,0,0
32,105,1,0,0,2,0,0,0,0,0
32,92,2,0,0,2,0,0,0,0,0
32,121,3,0,4,0,0,0,0,0,0
32,3,0,0,4,0,0,0,0,0,0
32,5,2,0,4,0,0,0,0,0,0
32,101,0,0,3,0,0,0,0,0,0
32,121,2,0,3,0,0,0,0,0,0
32,135,3,0,3,0,0,0,0,0,0
32,82,4,0,3,0,0,0,0,0,0
32,15,1,0,3,0,0,0,0,0,0
32,59,2,0,2,0,0,0,0,0,0
32,52,2,0,2,0,0,0,0,0,0
32,132,2,0,2,0,0,0,0,0,0
32,104,4,0,1,0,0,0,0,0,0
32,82,4,0,1,0,0,0,0,0,0
32,5,3,0,1,0,0,0,0,0,0
32,61,3,0,1,0,0,0,0,0,0
32,93,0,2,0,0,0,0,0,0,0
32,117,1,2,0,0,0,0,0,0,0
32,117,1,1,0,0,0,0,0,0,0
32,108,1,1,0,0,0,0,0,0,0
32,52,5,1,0,0,0,0,0,0,0
32,82,4,1,0,0,0,0,0,0,0
32,96,4,1,0,0,0,0,0,0,0
32,15,1,0,0,0,0,0,0,0,0
32,3,0,0,0,0,0,0,0,0,0
32,132,2,0,0,0,0,0,0,0,0
32,92,5,0,0,0,0,0,0,0,0
32,117,1,0,0,0,0,0,0,0,0
32,61,3,0,0,0,0,0,0,0,0
32,96,4,0,0,0,0,0,0,0,0
32,59,2,0,0,0,0,0,0,0,0
32,105,1,0,0,0,0,0,0,0,0
32,104,3,0,0,0,0,0,0,0,0
32,5,1,0,0,0,0,0,0,0,0
32,121,3,0,0,0,0,0,0,0,0
32,119,4,0,0,0,0,0,0,0,0
32,101,1,0,0,0,0,0,0,0,0
32,135,3,0,0,0,0,0,0,0,0
32,82,5,0,0,0,0,0,0,0,0
32,48,3,0,0,0,0,0,0,0,0
32,108,1,0,0,0,0,0,0,0,0
32,52,5,0,0,0,0,0,0,0,0
32,93,1,0,0,0,0,0,0,0,0
33,93,5,0,0,0,0,0,0,0,4
33,111,1,0,0,0,0,0,0,0,4
33,137,4,0,0,0,0,0,0,0,4
33,58,5,0,0,0,0,0,0,0,4
33,114,1,0,0,0,0,0,0,0,4
33,63,3,0,0,0,0,0,0,0,4
33,104,5,0,0,0,0,0,0,0,4
33,98,2,0,0,0,0,0,0,0,4
33,91,5,0,0,0,0,0,0,0,4
33,126,1,0,0,0,0,0,0,0,3
33,105,1,0,0,0,0,0,0,0,3
33,89,2,0,0,0,0,0,0,0,3
33,87,3,0,0,0,0,0,0,0,3
33,6,5,0,0,0,0,0,0,0,3
33,138,4,0,0,0,0,0,0,0,3
33,5,4,0,0,0,0,0,0,0,3
33,42,1,0,0,0,0,0,0,0,3
33,64,1,0,0,0,0,0,0,0,3
33,115,1,0,0,0,0,0,0,0,3
33,61,4,0,0,0,0,0,0,0,3
33,29,1,0,0,0,0,0,0,0,3
33,73,1,0,0,0,0,0,0,0,2
33,20,3,0,0,0,0,0,0,0,2
33,49,3,0,0,0,0,0,0,0,2
33,23,1,0,0,0,0,0,0,0,2
33,134,3,0,0,0,0,0,0,0,2
33,42,4,0,0,0,0,0,0,0,2
33,106,2,0,0,0,0,0,0,0,2
33,33,1,0,0,0,0,0,0,0,2
33,26,2,0,0,0,0,0,0,0,1
33,1,5,0,0,0,0,0,0,0,1
33,63,2,0,0,0,0,0,0,0,1
33,131,2,0,0,0,0,0,0,0,1
33,137,2,0,0,0,0,0,0,0,1
33,19,4,0,0,0,0,0,0,0,1
33,134,2,0,0,0,0,0,0,0,1
33,60,1,0,0,0,0,0,0,0,1
33,106,1,0,0,0,0,0,0,0,1
33,119,2,0,0,0,0,0,0,0,1
33,72,2,0,0,0,0,0,0,0,1
33,43,4,0,0,0,0,0,0,0,1
33,3,4,0,0,0,0,0,0,0,1
33,98,3,0,0,0,0,0,0,0,1
33,75,2,0,0,0,0,0,0,3,0
33,19,2,0,0,0,0,0,0,3,0
33,71,3,0,0,0,0,0,0,3,0
33,73,1,0,0,0,0,0,0,3,0
33,85,1,0,0,0,0,0,0,3,0
33,18,4,0,0,0,0,0,0,3,0
33,58,3,0,0,0,0,0,0,3,0
33,27,1,0,0,0,0,0,0,3,0
33,109,1,0,0,0,0,0,0,3,0
33,133,1,0,0,0,0,0,0,3,0
33,34,2,0,0,0,0,0,0,3,0
33,3,1,0,0,0,0,0,0,3,0
33,106,2,0,0,0,0,0,0,3,0
33,91,1,0,0,0,0,0,0,3,0
33,135,1,0,0,0,0,0,0,3,0
33,29,1,0,0,0,0,0,0,3,0
33,88,1,0,0,0,0,0,0,3,0
33,139,1,0,0,0,0,0,0,2,0
33,86,1,0,0,0,0,0,0,2,0
33,83,2,0,0,0,0,0,0,2,0
33,85,2,0,0,0,0,0,0,2,0
33,27,3,0,0,0,0,0,0,2,0
33,32,1,0,0,0,0,0,0,2,0
33,94,1,0,0,0,0,0,0,2,0
33,128,4,0,0,0,0,0,0,2,0
33,99,2,0,0,0,0,0,0,2,0
33,44,2,0,0,0,0,0,0,2,0
33,133,1,0,0,0,0,0,0,2,0
33,64,3,0,0,0,0,0,0,2,0
33,33,2,0,0,0,0,0,0,2,0
33,43,2,0,0,0,0,0,0,2,0
33,56,2,0,0,0,0,0,0,2,0
33,110,1,0,0,0,0,0,0,2,0
33,82,2,0,0,0,0,0,0,2,0
33,7,2,0,0,0,0,0,0,2,0
33,39,2,0,0,0,0,0,0,2,0
33,85,5,0,0,0,0,0,0,1,0
33,90,2,0,0,0,0,0,0,1,0
33,87,4,0,0,0,0,0,0,1,0
33,113,5,0,0,0,0,0,0,1,0
33,112,3,0,0,0,0,0,0,1,0
33,51,2,0,0,0,0,0,0,1,0
33,108,1,0,0,0,0,0,0,1,0
33,2,5,0,0,0,0,0,0,1,0
33,62,4,0,0,0,0,0,0,1,0
33,57,2,0,0,0,0,0,0,1,0
33,32,3,0,0,0,0,0,0,1,0
33,111,1,0,0,0,0,0,0,1,0
33,23,1,0,0,0,0,0,0,1,0
33,109,1,0,0,0,0,0,0,1,0
33,125,2,0,0,0,0,0,0,1,0
33,10,3,0,0,0,0,0,0,1,0
33,56,3,0,0,0,0,0,0,1,0
33,80,4,0,0,0,0,0,0,1,0
33,3,3,0,0,0,0,0,0,1,0
33,7,4,0,0,0,0,0,0,1,0
33,62,3,0,0,0,0,0,2,0,0
33,51,3,0,0,0,0,0,2,0,0
33,26,1,0,0,0,0,0,2,0,0
33,22,4,0,0,0,0,0,2,0,0
33,18,4,0,0,0,0,0,2,0,0
33,23,1,0,0,0,0,0,2,0,0
33,61,2,0,0,0,0,0,2,0,0
33,67,4,0,0,0,0,0,2,0,0
33,10,1,0,0,0,0,0,2,0,0
33,51,1,0,0,0,0,0,1,0,0
33,4,3,0,0,0,0,0,1,0,0
33,33,3,0,0,0,0,0,1,0,0
33,91,3,0,0,0,0,0,1,0,0
33,126,1,0,0,0,0,3,0,0,0
33,131,4,0,0,0,0,3,0,0,0
33,48,5,0,0,0,0,3,0,0,0
33,8,5,0,0,0,0,3,0,0,0
33,20,2,0,0,0,0,3,0,0,0
33,44,4,0,0,0,0,3,0,0,0
33,5,3,0,0,0,0,3,0,0,0
33,119,3,0,0,0,0,3,0,0,0
33,40,4,0,0,0,0,3,0,0,0
33,77,5,0,0,0,0,3,0,0,0
33,36,4,0,0,0,0,3,0,0,0
33,82,1,0,0,0,0,3,0,0,0
33,67,3,0,0,0,0,3,0,0,0
33,59,4,0,0,0,0,3,0,0,0
33,52,4,0,0,0,0,3,0,0,0
33,14,3,0,0,0,0,3,0,0,0
33,123,5,0,0,0,0,3,0,0,0
33,57,3,0,0,0,0,2,0,0,0
33,32,3,0,0,0,0,2,0,0,0
33,136,3,0,0,0,0,2,0,0,0
33,137,5,0,0,0,0,2,0,0,0
33,2,4,0,0,0,0,2,0,0,0
33,20,5,0,0,0,0,2,0,0,0
33,8,4,0,0,0,0,2,0,0,0
33,112,3,0,0,0,0,2,0,0,0
33,102,2,0,0,0,0,2,0,0,0
33,48,5,0,0,0,0,2,0,0,0
33,111,1,0,0,0,0,2,0,0,0
33,55,2,0,0,0,0,2,0,0,0
33,37,3,0,0,0,0,2,0,0,0
33,74,3,0,0,0,0,2,0,0,0
33,99,5,0,0,0,0,2,0,0,0
33,100,2,0,0,0,0,2,0,0,0
33,97,5,0,0,0,0,2,0,0,0
33,34,5,0,0,0,0,2,0,0,0
33,31,3,0,0,0,0,2,0,0,0
33,130,3,0,0,0,0,2,0,0,0
33,59,4,0,0,0,0,2,0,0,0
33,123,5,0,0,0,0,2,0,0,0
33,56,3,0,0,0,0,2,0,0,0
33,118,2,0,0,0,0,1,0,0,0
33,75,3,0,0,0,0,1,0,0,0
33,53,4,0,0,0,0,1,0,0,0
33,22,5,0,0,0,0,1,0,0,0
33,57,4,0,0,0,0,1,0,0,0
33,49,3,0,0,0,0,1,0,0,0
33,86,4,0,0,0,0,1,0,0,0
33,19,5,0,0,0,0,1,0,0,0
33,84,3,0,0,0,0,1,0,0,0
33,38,5,0,0,0,0,1,0,0,0
33,92,5,0,0,0,4,0,0,0,0
33,89,3,0,0,0,4,0,0,0,0
33,129,4,0,0,0,4,0,0,0,0
33,118,2,0,0,0,4,0,0,0,0
33,60,1,0,0,0,4,0,0,0,0
33,84,3,0,0,0,4,0,0,0,0
33,14,5,0,0,0,4,0,0,0,0
33,12,1,0,0,0,4,0,0,0,0
33,87,1,0,0,0,3,0,0,0,0
33,118,1,0,0,0,3,0,0,0,0
33,92,3,0,0,0,3,0,0,0,0
33,6,3,0,0,0,3,0,0,0,0
33,5,2,0,0,0,3,0,0,0,0
33,60,2,0,0,0,3,0,0,0,0
33,38,2,0,0,0,3,0,0,0,0
33,31,1,0,0,0,3,0,0,0,0
33,10,2,0,0,0,3,0,0,0,0
33,120,4,0,0,0,3,0,0,0,0
33,103,1,0,0,0,3,0,0,0,0
33,86,3,0,0,0,2,0,0,0,0
33,113,1,0,0,0,2,0,0,0,0
33,124,3,0,0,0,2,0,0,0,0
33,65,1,0,0,0,2,0,0,0,0
33,139,1,0,0,0,2,0,0,0,0
33,53,2,0,0,0,2,0,0,0,0
33,138,5,0,0,0,2,0,0,0,0
33,109,1,0,0,0,2,0,0,0,0
33,12,1,0,0,0,2,0,0,0,0
33,120,3,0,0,0,2,0,0,0,0
33,88,1,0,0,0,2,0,0,0,0
33,8,3,0,0,0,1,0,0,0,0
33,105,1,0,0,0,1,0,0,0,0
33,132,3,0,0,0,1,0,0,0,0
33,89,5,0,0,0,1,0,0,0,0
33,62,3,0,0,0,1,0,0,0,0
33,35,4,0,0,0,1,0,0,0,0
33,73,1,0,0,0,1,0,0,0,0
33,6,4,0,0,0,1,0,0,0,0
33,69,4,0,0,0,1,0,0,0,0
33,79,1,0,0,0,1,0,0,0,0
33,133,2,0,0,0,1,0,0,0,0
33,36,3,0,0,0,1,0,0,0,0
33,52,2,0,0,0,1,0,0,0,0
33,69,1,0,0,4,0,0,0,0,0
33,113,3,0,0,4,0,0,0,0,0
33,96,5,0,0,4,0,0,0,0,0
33,55,3,0,0,4,0,0,0,0,0
33,4,5,0,0,4,0,0,0,0,0
33,26,1,0,0,4,0,0,0,0,0
33,39,4,0,0,4,0,0,0,0,0
33,123,4,0,0,4,0,0,0,0,0
33,12,1,0,0,4,0,0,0,0,0
33,35,3,0,0,3,0,0,0,0,0
33,101,3,0,0,3,0,0,0,0,0
33,15,1,0,0,3,0,0,0,0,0
33,131,4,0,0,3,0,0,0,0,0
33,77,2,0,0,3,0,0,0,0,0
33,119,2,0,0,3,0,0,0,0,0
33,110,2,0,0,3,0,0,0,0,0
33,124,5,0,0,2,0,0,0,0,0
33,1,4,0,0,2,0,0,0,0,0
33,102,2,0,0,2,0,0,0,0,0
33,79,1,0,0,2,0,0,0,0,0
33,114,1,0,0,2,0,0,0,0,0
33,94,1,0,0,2,0,0,0,0,0
33,100,4,0,0,2,0,0,0,0,0
33,97,2,0,0,2,0,0,0,0,0
33,34,3,0,0,2,0,0,0,0,0
33,72,3,0,0,2,0,0,0,0,0
33,80,5,0,0,2,0,0,0,0,0
33,130,3,0,0,2,0,0,0,0,0
33,28,1,0,0,2,0,0,0,0,0
33,42,5,0,0,2,0,0,0,0,0
33,129,2,0,0,1,0,0,0,0,0
33,49,5,0,0,1,0,0,0,0,0
33,101,1,0,0,1,0,0,0,0,0
33,81,4,0,0,1,0,0,0,0,0
33,2,1,0,0,1,0,0,0,0,0
33,108,1,0,0,1,0,0,0,0,0
33,1,1,0,0,1,0,0,0,0,0
33,90,1,0,0,1,0,0,0,0,0
33,15,1,0,0,1,0,0,0,0,0
33,104,2,0,0,1,0,0,0,0,0
33,76,2,0,0,1,0,0,0,0,0
33,7,2,0,0,1,0,0,0,0,0
33,45,1,0,0,1,0,0,0,0,0
33,103,2,0,0,1,0,0,0,0,0
33,64,2,0,0,1,0,0,0,0,0
33,81,3,0,4,0,0,0,0,0,0
33,139,1,0,4,0,0,0,0,0,0
33,71,4,0,4,0,0,0,0,0,0
33,65,3,0,4,0,0,0,0,0,0
33,128,3,0,4,0,0,0,0,0,0
33,53,4,0,4,0,0,0,0,0,0
33,94,1,0,4,0,0,0,0,0,0
33,112,1,0,4,0,0,0,0,0,0
33,35,5,0,4,0,0,0,0,0,0
33,125,3,0,4,0,0,0,0,0,0
33,97,3,0,4,0,0,0,0,0,0
33,134,3,0,4,0,0,0,0,0,0
33,110,2,0,4,0,0,0,0,0,0
33,28,1,0,4,0,0,0,0,0,0
33,59,5,0,4,0,0,0,0,0,0
33,14,1,0,4,0,0,0,0,0,0
33,61,3,0,4,0,0,0,0,0,0
33,95,5,0,4,0,0,0,0,0,0
33,52,3,0,4,0,0,0,0,0,0
33,4,3,0,3,0,0,0,0,0,0
33,102,4,0,3,0,0,0,0,0,0
33,108,1,0,3,0,0,0,0,0,0
33,18,3,0,3,0,0,0,0,0,0
33,45,4,0,3,0,0,0,0,0,0
33,115,1,0,3,0,0,0,0,0,0
33,95,2,0,3,0,0,0,0,0,0
33,39,4,0,3,0,0,0,0,0,0
33,31,3,0,3,0,0,0,0,0,0
33,40,5,0,3,0,0,0,0,0,0
33,84,5,0,3,0,0,0,0,0,0
33,120,5,0,3,0,0,0,0,0,0
33,72,3,0,3,0,0,0,0,0,0
33,69,4,0,2,0,0,0,0,0,0
33,96,5,0,2,0,0,0,0,0,0
33,63,2,0,2,0,0,0,0,0,0
33,132,4,0,2,0,0,0,0,0,0
33,136,2,0,2,0,0,0,0,0,0
33,66,5,0,2,0,0,0,0,0,0
33,104,4,0,2,0,0,0,0,0,0
33,99,4,0,2,0,0,0,0,0,0
33,76,3,0,2,0,0,0,0,0,0
33,103,1,0,2,0,0,0,0,0,0
33,135,2,0,2,0,0,0,0,0,0
33,58,5,0,1,0,0,0,0,0,0
33,129,3,0,1,0,0,0,0,0,0
33,66,4,0,1,0,0,0,0,0,0
33,132,5,0,1,0,0,0,0,0,0
33,75,5,0,1,0,0,0,0,0,0
33,128,1,0,1,0,0,0,0,0,0
33,37,3,0,1,0,0,0,0,0,0
33,74,2,0,1,0,0,0,0,0,0
33,44,4,0,1,0,0,0,0,0,0
33,36,4,0,1,0,0,0,0,0,0
33,29,3,0,1,0,0,0,0,0,0
33,115,1,0,1,0,0,0,0,0,0
33,98,5,0,1,0,0,0,0,0,0
33,80,4,0,1,0,0,0,0,0,0
33,135,2,0,1,0,0,0,0,0,0
33,43,5,0,1,0,0,0,0,0,0
33,27,1,2,0,0,0,0,0,0,0
33,55,1,2,0,0,0,0,0,0,0
33,81,2,2,0,0,0,0,0,0,0
33,93,2,2,0,0,0,0,0,0,0
33,92,2,2,0,0,0,0,0,0,0
33,65,4,2,0,0,0,0,0,0,0
33,124,1,2,0,0,0,0,0,0,0
33,79,1,2,0,0,0,0,0,0,0
33,83,2,2,0,0,0,0,0,0,0
33,15,1,2,0,0,0,0,0,0,0
33,96,2,2,0,0,0,0,0,0,0
33,138,1,2,0,0,0,0,0,0,0
33,74,2,2,0,0,0,0,0,0,0
33,76,4,2,0,0,0,0,0,0,0
33,45,1,2,0,0,0,0,0,0,0
33,28,1,2,0,0,0,0,0,0,0
33,82,1,2,0,0,0,0,0,0,0
33,136,1,1,0,0,0,0,0,0,0
33,66,3,1,0,0,0,0,0,0,0
33,22,2,1,0,0,0,0,0,0,0
33,126,2,1,0,0,0,0,0,0,0
33,83,4,1,0,0,0,0,0,0,0
33,93,4,1,0,0,0,0,0,0,0
33,105,1,1,0,0,0,0,0,0,0
33,71,2,1,0,0,0,0,0,0,0
33,90,1,1,0,0,0,0,0,0,0
33,101,5,1,0,0,0,0,0,0,0
33,48,5,1,0,0,0,0,0,0,0
33,37,2,1,0,0,0,0,0,0,0
33,100,3,1,0,0,0,0,0,0,0
33,125,1,1,0,0,0,0,0,0,0
33,77,5,1,0,0,0,0,0,0,0
33,95,3,1,0,0,0,0,0,0,0
33,67,2,1,0,0,0,0,0,0,0
33,40,3,1,0,0,0,0,0,0,0
33,130,2,1,0,0,0,0,0,0,0
33,88,2,1,0,0,0,0,0,0,0
33,38,3,1,0,0,0,0,0,0,0
33,89,3,0,0,0,0,0,0,0,0
33,71,2,0,0,0,0,0,0,0,0
33,137,4,0,0,0,0,0,0,0,0
33,83,4,0,0,0,0,0,0,0,0
33,22,5,0,0,0,0,0,0,0,0
33,102,3,0,0,0,0,0,0,0,0
33,73,1,0,0,0,0,0,0,0,0
33,2,4,0,0,0,0,0,0,0,0
33,63,1,0,0,0,0,0,0,0,0
33,65,3,0,0,0,0,0,0,0,0
33,112,2,0,0,0,0,0,0,0,0
33,114,1,0,0,0,0,0,0,0,0
33,96,5,0,0,0,0,0,0,0,0
33,20,5,0,0,0,0,0,0,0,0
33,53,2,0,0,0,0,0,0,0,0
33,108,1,0,0,0,0,0,0,0,0
33,94,1,0,0,0,0,0,0,0,0
33,15,1,0,0,0,0,0,0,0,0
33,18,3,0,0,0,0,0,0,0,0
33,132,4,0,0,0,0,0,0,0,0
33,6,5,0,0,0,0,0,0,0,0
33,128,4,0,0,0,0,0,0,0,0
33,79,1,0,0,0,0,0,0,0,0
33,58,5,0,0,0,0,0,0,0,0
33,62,4,0,0,0,0,0,0,0,0
33,35,4,0,0,0,0,0,0,0,0
33,66,5,0,0,0,0,0,0,0,0
33,4,3,0,0,0,0,0,0,0,0
33,57,3,0,0,0,0,0,0,0,0
33,90,1,0,0,0,0,0,0,0,0
33,49,5,0,0,0,0,0,0,0,0
33,55,2,0,0,0,0,0,0,0,0
33,48,5,0,0,0,0,0,0,0,0
33,19,5,0,0,0,0,0,0,0,0
33,111,1,0,0,0,0,0,0,0,0
33,69,2,0,0,0,0,0,0,0,0
33,136,2,0,0,0,0,0,0,0,0
33,139,1,0,0,0,0,0,0,0,0
33,86,3,0,0,0,0,0,0,0,0
33,101,4,0,0,0,0,0,0,0,0
33,1,5,0,0,0,0,0,0,0,0
33,27,1,0,0,0,0,0,0,0,0
33,26,3,0,0,0,0,0,0,0,0
33,118,1,0,0,0,0,0,0,0,0
33,131,5,0,0,0,0,0,0,0,0
33,75,4,0,0,0,0,0,0,0,0
33,32,3,0,0,0,0,0,0,0,0
33,81,5,0,0,0,0,0,0,0,0
33,87,2,0,0,0,0,0,0,0,0
33,51,2,0,0,0,0,0,0,0,0
33,126,2,0,0,0,0,0,0,0,0
33,129,4,0,0,0,0,0,0,0,0
33,124,5,0,0,0,0,0,0,0,0
33,85,4,0,0,0,0,0,0,0,0
33,93,4,0,0,0,0,0,0,0,0
33,113,4,0,0,0,0,0,0,0,0
33,92,4,0,0,0,0,0,0,0,0
33,8,4,0,0,0,0,0,0,0,0
33,105,1,0,0,0,0,0,0,0,0
33,37,2,0,0,0,0,0,0,0,0
33,23,2,0,0,0,0,0,0,0,0
33,138,5,0,0,0,0,0,0,0,0
33,104,4,0,0,0,0,0,0,0,0
33,74,2,0,0,0,0,0,0,0,0
33,99,4,0,0,0,0,0,0,0,0
33,44,3,0,0,0,0,0,0,0,0
33,5,3,0,0,0,0,0,0,0,0
33,100,3,0,0,0,0,0,0,0,0
33,109,1,0,0,0,0,0,0,0,0
33,76,3,0,0,0,0,0,0,0,0
33,125,2,0,0,0,0,0,0,0,0
33,97,5,0,0,0,0,0,0,0,0
33,134,2,0,0,0,0,0,0,0,0
33,133,1,0,0,0,0,0,0,0,0
33,60,2,0,0,0,0,0,0,0,0
33,34,5,0,0,0,0,0,0,0,0
33,40,5,0,0,0,0,0,0,0,0
33,3,3,0,0,0,0,0,0,0,0
33,28,1,0,0,0,0,0,0,0,0
33,91,5,0,0,0,0,0,0,0,0
33,67,3,0,0,0,0,0,0,0,0
33,130,3,0,0,0,0,0,0,0,0
33,59,4,0,0,0,0,0,0,0,0
33,10,3,0,0,0,0,0,0,0,0
33,14,4,0,0,0,0,0,0,0,0
33,43,4,0,0,0,0,0,0,0,0
33,56,3,0,0,0,0,0,0,0,0
33,103,1,0,0,0,0,0,0,0,0
33,82,2,0,0,0,0,0,0,0,0
33,52,2,0,0,0,0,0,0,0,0
33,88,2,0,0,0,0,0,0,0,0
33,135,2,0,0,0,0,0,0,0,0
33,12,1,0,0,0,0,0,0,0,0
33,61,3,0,0,0,0,0,0,0,0
33,110,2,0,0,0,0,0,0,0,0
33,38,5,0,0,0,0,0,0,0,0
33,120,4,0,0,0,0,0,0,0,0
33,7,4,0,0,0,0,0,0,0,0
33,123,5,0,0,0,0,0,0,0,0
33,29,3,0,0,0,0,0,0,0,0
33,84,4,0,0,0,0,0,0,0,0
33,39,4,0,0,0,0,0,0,0,0
33,119,2,0,0,0,0,0,0,0,0
33,95,5,0,0,0,0,0,0,0,0
33,106,3,0,0,0,0,0,0,0,0
33,72,2,0,0,0,0,0,0,0,0
33,33,2,0,0,0,0,0,0,0,0
33,42,5,0,0,0,0,0,0,0,0
33,45,3,0,0,0,0,0,0,0,0
33,115,1,0,0,0,0,0,0,0,0
33,36,3,0,0,0,0,0,0,0,0
33,98,3,0,0,0,0,0,0,0,0
33,31,2,0,0,0,0,0,0,0,0
33,64,2,0,0,0,0,0,0,0,0
33,77,5,0,0,0,0,0,0,0,0
33,80,5,0,0,0,0,0,0,0,0
34,48,3,0,0,0,0,0,0,2,0
34,48,3,0,0,1,0,0,0,0,0
34,48,4,0,0,0,0,0,0,0,0
35,29,0,0,0,0,0,0,0,0,4
35,103,3,0,0,0,0,0,0,0,4
35,60,2,0,0,0,0,0,0,0,4
35,7,2,0,0,0,0,0,0,0,3
35,67,2,0,0,0,0,0,0,0,3
35,8,4,0,0,0,0,0,0,0,1
35,124,1,0,0,0,0,0,0,0,1
35,124,1,0,0,0,0,0,0,3,0
35,29,0,0,0,0,0,0,0,3,0
35,103,2,0,0,0,0,0,0,3,0
35,116,2,0,0,0,0,0,0,2,0
35,116,3,0,0,0,0,0,0,1,0
35,15,3,0,0,0,0,0,0,1,0
35,3,1,0,0,0,0,0,2,0,0
35,61,2,0,0,0,0,3,0,0,0
35,53,2,0,0,0,0,3,0,0,0
35,124,1,0,0,0,0,3,0,0,0
35,51,1,0,0,0,0,3,0,0,0
35,3,1,0,0,0,0,3,0,0,0
35,107,1,0,0,0,0,2,0,0,0
35,135,3,0,0,0,0,2,0,0,0
35,15,3,0,0,0,0,2,0,0,0
35,116,2,0,0,0,0,2,0,0,0
35,51,3,0,0,0,0,2,0,0,0
35,61,1,0,0,0,0,1,0,0,0
35,7,2,0,0,0,0,1,0,0,0
35,37,3,0,0,0,0,1,0,0,0
35,67,4,0,0,0,4,0,0,0,0
35,8,2,0,0,0,3,0,0,0,0
35,53,4,0,0,0,2,0,0,0,0
35,81,0,0,0,0,2,0,0,0,0
35,67,3,0,0,0,1,0,0,0,0
35,8,4,0,0,0,1,0,0,0,0
35,61,1,0,0,0,1,0,0,0,0
35,53,3,0,0,3,0,0,0,0,0
35,3,1,0,0,3,0,0,0,0,0
35,84,1,0,0,3,0,0,0,0,0
35,44,1,0,0,3,0,0,0,0,0
35,95,1,0,0,3,0,0,0,0,0
35,95,1,0,0,2,0,0,0,0,0
35,60,2,0,0,1,0,0,0,0,0
35,84,1,0,0,1,0,0,0,0,0
35,44,1,0,0,1,0,0,0,0,0
35,15,3,0,0,1,0,0,0,0,0
35,7,2,0,4,0,0,0,0,0,0
35,37,3,0,4,0,0,0,0,0,0
35,107,1,0,4,0,0,0,0,0,0
35,135,4,0,3,0,0,0,0,0,0
35,51,1,0,3,0,0,0,0,0,0
35,81,0,0,3,0,0,0,0,0,0
35,60,2,0,2,0,0,0,0,0,0
35,107,2,0,1,0,0,0,0,0,0
35,81,0,0,1,0,0,0,0,0,0
35,44,2,0,1,0,0,0,0,0,0
35,37,3,1,0,0,0,0,0,0,0
35,29,0,1,0,0,0,0,0,0,0
35,135,4,1,0,0,0,0,0,0,0
35,103,3,1,0,0,0,0,0,0,0
35,95,1,1,0,0,0,0,0,0,0
35,8,3,0,0,0,0,0,0,0,0
35,103,3,0,0,0,0,0,0,0,0
35,44,1,0,0,0,0,0,0,0,0
35,81,0,0,0,0,0,0,0,0,0
35,124,1,0,0,0,0,0,0,0,0
35,3,1,0,0,0,0,0,0,0,0
35,95,2,0,0,0,0,0,0,0,0
35,37,3,0,0,0,0,0,0,0,0
35,135,3,0,0,0,0,0,0,0,0
35,67,4,0,0,0,0,0,0,0,0
35,61,2,0,0,0,0,0,0,0,0
35,107,2,0,0,0,0,0,0,0,0
35,53,4,0,0,0,0,0,0,0,0
35,116,3,0,0,0,0,0,0,0,0
35,60,2,0,0,0,0,0,0,0,0
35,29,0,0,0,0,0,0,0,0,0
35,7,2,0,0,0,0,0,0,0,0
35,84,1,0,0,0,0,0,0,0,0
35,15,3,0,0,0,0,0,0,0,0
35,51,3,0,0,0,0,0,0,0,0
36,122,1,0,0,0,0,0,0,0,4
36,70,4,0,0,0,0,0,0,0,4
36,123,4,0,0,0,0,0,0,0,4
36,126,2,0,0,0,0,0,0,0,3
36,56,2,0,0,0,0,0,0,0,3
36,31,1,0,0,0,0,0,0,0,3
36,4,5,0,0,0,0,0,0,0,3
36,109,3,0,0,0,0,0,0,0,2
36,119,4,0,0,0,0,0,0,0,1
36,126,3,0,0,0,0,0,0,0,1
36,29,5,0,0,0,0,0,0,3,0
36,62,2,0,0,0,0,0,0,3,0
36,14,2,0,0,0,0,0,0,2,0
36,31,2,0,0,0,0,0,0,1,0
36,31,1,0,0,0,0,0,2,0,0
36,19,1,0,0,0,0,0,2,0,0
36,122,2,0,0,0,0,0,1,0,0
36,68,3,0,0,0,0,0,1,0,0
36,137,2,0,0,0,0,3,0,0,0
36,14,3,0,0,0,0,3,0,0,0
36,24,2,0,0,0,0,3,0,0,0
36,75,3,0,0,0,0,3,0,0,0
36,136,3,0,0,0,0,3,0,0,0
36,119,3,0,0,0,0,2,0,0,0
36,75,3,0,0,0,0,2,0,0,0
36,37,2,0,0,0,0,2,0,0,0
36,70,2,0,0,0,0,2,0,0,0
36,65,4,0,0,0,0,1,0,0,0
36,29,4,0,0,0,0,1,0,0,0
36,137,3,0,0,0,0,1,0,0,0
36,109,3,0,0,0,4,0,0,0,0
36,56,3,0,0,0,3,0,0,0,0
36,50,1,0,0,0,3,0,0,0,0
36,41,3,0,0,0,3,0,0,0,0
36,19,3,0,0,0,2,0,0,0,0
36,11,3,0,0,0,2,0,0,0,0
36,136,3,0,0,0,1,0,0,0,0
36,75,3,0,0,0,1,0,0,0,0
36,56,2,0,0,4,0,0,0,0,0
36,119,2,0,0,4,0,0,0,0,0
36,11,1,0,0,4,0,0,0,0,0
36,136,1,0,0,4,0,0,0,0,0
36,4,5,0,0,4,0,0,0,0,0
36,123,3,0,0,3,0,0,0,0,0
36,55,5,0,0,3,0,0,0,0,0
36,137,2,0,0,3,0,0,0,0,0
36,29,2,0,0,2,0,0,0,0,0
36,123,4,0,0,2,0,0,0,0,0
36,62,3,0,0,2,0,0,0,0,0
36,41,4,0,4,0,0,0,0,0,0
36,57,3,0,4,0,0,0,0,0,0
36,55,5,0,3,0,0,0,0,0,0
36,14,4,0,3,0,0,0,0,0,0
36,62,2,0,3,0,0,0,0,0,0
36,50,2,0,3,0,0,0,0,0,0
36,122,1,0,3,0,0,0,0,0,0
36,24,2,0,2,0,0,0,0,0,0
36,4,4,0,2,0,0,0,0,0,0
36,57,2,0,2,0,0,0,0,0,0
36,65,2,0,2,0,0,0,0,0,0
36,68,2,0,1,0,0,0,0,0,0
36,126,3,0,1,0,0,0,0,0,0
36,37,4,2,0,0,0,0,0,0,0
36,11,1,2,0,0,0,0,0,0,0
36,65,3,2,0,0,0,0,0,0,0
36,50,2,2,0,0,0,0,0,0,0
36,24,2,1,0,0,0,0,0,0,0
36,68,1,1,0,0,0,0,0,0,0
36,19,1,1,0,0,0,0,0,0,0
36,70,2,1,0,0,0,0,0,0,0
36,109,2,1,0,0,0,0,0,0,0
36,55,5,1,0,0,0,0,0,0,0
36,37,2,1,0,0,0,0,0,0,0
36,57,1,1,0,0,0,0,0,0,0
36,31,1,0,0,0,0,0,0,0,0
36,50,3,0,0,0,0,0,0,0,0
36,136,2,0,0,0,0,0,0,0,0
36,37,3,0,0,0,0,0,0,0,0
36,4,4,0,0,0,0,0,0,0,0
36,11,2,0,0,0,0,0,0,0,0
36,75,2,0,0,0,0,0,0,0,0
36,123,4,0,0,0,0,0,0,0,0
36,109,2,0,0,0,0,0,0,0,0
36,41,4,0,0,0,0,0,0,0,0
36,57,2,0,0,0,0,0,0,0,0
36,55,5,0,0,0,0,0,0,0,0
36,137,3,0,0,0,0,0,0,0,0
36,126,3,0,0,0,0,0,0,0,0
36,19,3,0,0,0,0,0,0,0,0
36,65,4,0,0,0,0,0,0,0,0
36,122,1,0,0,0,0,0,0,0,0
36,24,3,0,0,0,0,0,0,0,0
36,119,5,0,0,0,0,0,0,0,0
36,29,5,0,0,0,0,0,0,0,0
36,68,1,0,0,0,0,0,0,0,0
36,70,2,0,0,0,0,0,0,0,0
36,14,4,0,0,0,0,0,0,0,0
36,62,3,0,0,0,0,0,0,0,0
36,56,5,0,0,0,0,0,0,0,0
37,48,2,0,0,0,0,0,0,0,1
37,120,2,0,0,0,0,0,0,2,0
37,23,1,0,0,0,0,0,1,0,0
37,23,1,0,0,0,0,3,0,0,0
37,7,1,0,0,0,0,3,0,0,0
37,7,1,0,0,0,0,1,0,0,0
37,120,2,0,0,0,0,1,0,0,0
37,7,1,0,0,0,4,0,0,0,0
37,120,1,0,0,3,0,0,0,0,0
37,57,1,0,0,3,0,0,0,0,0
37,48,4,0,3,0,0,0,0,0,0
37,23,1,0,2,0,0,0,0,0,0
37,57,2,0,1,0,0,0,0,0,0
37,57,1,2,0,0,0,0,0,0,0
37,57,1,0,0,0,0,0,0,0,0
37,23,1,0,0,0,0,0,0,0,0
37,7,1,0,0,0,0,0,0,0,0
37,120,1,0,0,0,0,0,0,0,0
37,48,3,0,0,0,0,0,0,0,0
38,5,1,0,0,0,0,0,0,0,3
38,106,1,0,0,0,0,0,0,3,0
38,61,3,0,0,0,0,0,0,2,0
38,5,5,0,0,0,0,0,2,0,0
38,106,1,0,0,0,0,0,2,0,0
38,5,1,0,0,0,0,3,0,0,0
38,99,2,0,0,0,0,1,0,0,0
38,106,1,0,0,0,0,1,0,0,0
38,61,4,0,0,0,4,0,0,0,0
38,99,1,0,0,0,1,0,0,0,0
38,69,3,0,0,0,1,0,0,0,0
38,61,5,0,3,0,0,0,0,0,0
38,69,1,0,2,0,0,0,0,0,0
38,69,5,2,0,0,0,0,0,0,0
38,106,1,0,0,0,0,0,0,0,0
38,69,2,0,0,0,0,0,0,0,0
38,61,5,0,0,0,0,0,0,0,0
38,5,4,0,0,0,0,0,0,0,0
38,99,3,0,0,0,0,0,0,0,0
39,54,5,0,0,0,0,0,0,0,4
39,41,5,0,0,0,0,0,0,0,4
39,123,5,0,0,0,0,0,0,0,4
39,7,1,0,0,0,0,0,0,0,4
39,6,5,0,0,0,0,0,0,0,2
39,107,1,0,0,0,0,0,0,0,2
39,54,5,0,0,0,0,0,0,2,0
39,126,5,0,0,0,0,0,0,2,0
39,97,5,0,0,0,0,0,0,2,0
39,62,5,0,0,0,0,0,0,2,0
39,55,5,0,0,0,0,0,0,2,0
39,6,1,0,0,0,0,0,0,1,0
39,9,1,0,0,0,0,0,2,0,0
39,18,5,0,0,0,0,0,1,0,0
39,98,3,0,0,0,0,3,0,0,0
39,54,5,0,0,0,0,3,0,0,0
39,97,1,0,0,0,0,3,0,0,0
39,55,5,0,0,0,0,2,0,0,0
39,18,5,0,0,0,0,2,0,0,0
39,9,1,0,0,0,0,2,0,0,0
39,126,5,0,0,0,0,1,0,0,0
39,94,3,0,0,0,0,1,0,0,0
39,107,1,0,0,0,0,1,0,0,0
39,126,5,0,0,0,4,0,0,0,0
39,62,5,0,0,0,3,0,0,0,0
39,6,5,0,0,0,3,0,0,0,0
39,9,3,0,0,0,2,0,0,0,0
39,37,3,0,0,0,2,0,0,0,0
39,7,4,0,0,0,1,0,0,0,0
39,18,5,0,0,0,1,0,0,0,0
39,7,4,0,0,4,0,0,0,0,0
39,62,3,0,0,4,0,0,0,0,0
39,123,5,0,0,3,0,0,0,0,0
39,87,3,0,0,3,0,0,0,0,0
39,37,4,0,0,1,0,0,0,0,0
39,41,1,0,0,1,0,0,0,0,0
39,98,1,0,0,1,0,0,0,0,0
39,94,5,0,0,1,0,0,0,0,0
39,98,3,0,3,0,0,0,0,0,0
39,87,3,0,3,0,0,0,0,0,0
39,37,2,0,2,0,0,0,0,0,0
39,94,5,0,1,0,0,0,0,0,0
39,41,1,2,0,0,0,0,0,0,0
39,123,3,2,0,0,0,0,0,0,0
39,55,5,2,0,0,0,0,0,0,0
39,97,1,2,0,0,0,0,0,0,0
39,87,5,2,0,0,0,0,0,0,0
39,107,3,1,0,0,0,0,0,0,0
39,62,5,0,0,0,0,0,0,0,0
39,123,5,0,0,0,0,0,0,0,0
39,7,5,0,0,0,0,0,0,0,0
39,97,5,0,0,0,0,0,0,0,0
39,126,5,0,0,0,0,0,0,0,0
39,98,5,0,0,0,0,0,0,0,0
39,9,5,0,0,0,0,0,0,0,0
39,55,5,0,0,0,0,0,0,0,0
39,54,5,0,0,0,0,0,0,0,0
39,107,2,0,0,0,0,0,0,0,0
39,37,5,0,0,0,0,0,0,0,0
39,6,5,0,0,0,0,0,0,0,0
39,41,5,0,0,0,0,0,0,0,0
39,18,5,0,0,0,0,0,0,0,0
39,87,5,0,0,0,0,0,0,0,0
40,131,4,0,0,0,0,0,0,0,4
40,131,1,0,0,0,0,0,0,0,3
40,96,1,0,0,0,0,0,0,2,0
40,55,1,0,0,0,0,0,0,2,0
40,76,4,0,0,0,0,0,0,1,0
40,8,1,0,0,0,0,0,0,1,0
40,8,4,0,0,0,0,0,2,0,0
40,96,4,0,0,0,0,3,0,0,0
40,128,3,0,0,0,0,2,0,0,0
40,96,1,0,0,0,4,0,0,0,0
40,100,3,0,0,0,4,0,0,0,0
40,130,4,0,0,0,3,0,0,0,0
40,128,3,0,0,0,3,0,0,0,0
40,11,1,0,0,0,3,0,0,0,0
40,76,4,0,0,0,3,0,0,0,0
40,55,2,0,0,0,3,0,0,0,0
40,77,3,0,0,0,2,0,0,0,0
40,100,1,0,0,0,2,0,0,0,0
40,8,1,0,0,0,1,0,0,0,0
40,130,1,0,0,4,0,0,0,0,0
40,76,1,0,0,3,0,0,0,0,0
40,77,1,0,0,3,0,0,0,0,0
40,131,1,0,0,3,0,0,0,0,0
40,77,4,0,0,2,0,0,0,0,0
40,130,2,0,3,0,0,0,0,0,0
40,11,3,0,2,0,0,0,0,0,0
40,11,1,0,1,0,0,0,0,0,0
40,100,1,2,0,0,0,0,0,0,0
40,128,4,1,0,0,0,0,0,0,0
40,55,4,1,0,0,0,0,0,0,0
40,11,1,0,0,0,0,0,0,0,0
40,96,3,0,0,0,0,0,0,0,0
40,130,3,0,0,0,0,0,0,0,0
40,128,3,0,0,0,0,0,0,0,0
40,131,2,0,0,0,0,0,0,0,0
40,55,3,0,0,0,0,0,0,0,0
40,8,1,0,0,0,0,0,0,0,0
40,76,4,0,0,0,0,0,0,0,0
40,100,2,0,0,0,0,0,0,0,0
41,38,1,0,0,0,0,0,0,0,4
41,62,2,0,0,0,0,0,0,0,3
41,102,1,0,0,0,0,0,0,0,3
41,31,1,0,0,0,0,0,0,0,2
41,102,1,0,0,0,0,0,0,3,0
41,31,1,0,0,0,0,0,2,0,0
41,38,2,0,0,0,4,0,0,0,0
41,102,1,0,0,0,4,0,0,0,0
41,31,1,0,0,0,4,0,0,0,0
41,111,1,0,0,0,3,0,0,0,0
41,62,3,0,0,0,2,0,0,0,0
41,62,1,0,0,4,0,0,0,0,0
41,111,1,0,0,3,0,0,0,0,0
41,111,1,2,0,0,0,0,0,0,0
41,38,2,0,0,0,0,0,0,0,0
41,31,1,0,0,0,0,0,0,0,0
41,111,1,0,0,0,0,0,0,0,0
41,102,1,0,0,0,0,0,0,0,0
41,62,3,0,0,0,0,0,0,0,0
42,100,1,0,0,0,0,0,0,0,4
42,59,1,0,0,0,0,0,0,0,4
42,100,1,0,0,0,0,0,0,0,3
42,39,1,0,0,0,0,0,0,0,3
42,120,1,0,0,0,0,0,0,3,0
42,110,1,0,0,0,0,0,0,3,0
42,68,1,0,0,0,0,0,0,2,0
42,10,1,0,0,0,0,0,0,2,0
42,130,1,0,0,0,0,0,0,1,0
42,68,1,0,0,0,0,0,2,0,0
42,10,1,0,0,0,0,3,0,0,0
42,39,1,0,0,0,4,0,0,0,0
42,120,1,0,0,0,4,0,0,0,0
42,130,1,0,0,0,4,0,0,0,0
42,93,1,0,0,0,4,0,0,0,0
42,110,1,0,0,3,0,0,0,0,0
42,86,1,0,0,3,0,0,0,0,0
42,10,1,0,0,3,0,0,0,0,0
42,120,1,0,3,0,0,0,0,0,0
42,59,1,0,3,0,0,0,0,0,0
42,86,1,0,2,0,0,0,0,0,0
42,59,1,0,1,0,0,0,0,0,0
42,93,1,0,1,0,0,0,0,0,0
42,130,1,0,1,0,0,0,0,0,0
42,86,1,0,1,0,0,0,0,0,0
42,39,1,2,0,0,0,0,0,0,0
42,68,1,2,0,0,0,0,0,0,0
42,93,1,2,0,0,0,0,0,0,0
42,100,1,1,0,0,0,0,0,0,0
42,39,1,0,0,0,0,0,0,0,0
42,130,1,0,0,0,0,0,0,0,0
42,10,1,0,0,0,0,0,0,0,0
42,86,1,0,0,0,0,0,0,0,0
42,120,1,0,0,0,0,0,0,0,0
42,93,1,0,0,0,0,0,0,0,0
42,110,1,0,0,0,0,0,0,0,0
42,59,1,0,0,0,0,0,0,0,0
42,68,1,0,0,0,0,0,0,0,0
42,100,1,0,0,0,0,0,0,0,0